6466,7840,22844,128382,5575,24612,12020,192126,0,0
2548,780,24612,1835375,5032,28862,7272,78318,0,0
7832,3345,9023,707747,14774,22083,10972,260538,0,0
5042,289,6956,134533,9300,4640,10305,84645,0,0
33336,6320,155204,1069286,52353,75507,144653,369022,0,0
2437,1659,32036,709613,5633,41143,19769,314965,30,41
49149,18120,192647,829736,107084,58075,121397,83912,30,41
2171,835,30013,1481531,4675,17304,6451,158017,30,41
1938,502,6888,716355,3182,7453,3622,30377,30,41
14149,5412,78711,2399485,34701,130054,80068,100701,30,41
32477,11884,24342,1283345,67924,64776,42489,832978,40,29
4203,3592,31721,2099447,16902,40174,54175,39001,40,29
5909,1783,15088,1243506,5976,8524,11521,42207,50,41
10312,7482,17899,519053,18666,5209,43874,178515,61,30
11599,4723,107035,612965,65992,96057,138574,126282,90,48
12701,10157,27499,1393082,47200,94232,51557,54426,90,48
33222,18267,62641,809870,45349,148072,51967,607311,90,48
11729,748,18539,55893,9219,25397,34635,71676,96,70
5453,3977,134903,86242,14519,17472,15299,74081,91,100
48366,10206,66286,1968969,80119,96537,28054,155623,91,100
11765,5126,74479,1263777,6402,13987,17164,59673,91,100
106028,25456,59751,1011772,102316,60268,56821,73955,91,100
61201,33114,147680,553939,112104,373240,173073,434546,91,100
32622,30800,109276,868446,196904,104779,71914,537344,91,100
8142,2672,4268,543843,12863,7503,4822,56674,91,100
10549,7000,24970,799037,41274,20595,22844,112400,91,100
7364,6225,31070,601448,44086,55660,21634,143427,91,100
14157,4817,27647,2338875,52063,100241,76289,455245,91,100
5607,1664,23571,797363,7086,6972,11332,35542,0,0
2053,408,2607,714116,2394,5240,3165,12735,0,0
17949,2619,18854,791399,7871,9766,30735,34996,0,0
18630,2014,36105,885069,63169,41655,16567,661862,0,0
8646,3291,6320,1215402,15069,4184,6443,20918,0,0
1631,803,5082,56885,6772,5600,7186,31909,0,0
34628,7245,28215,1148053,59845,15216,99220,351936,84,78
7183,4128,26228,1571602,52340,29027,59198,174376,84,78
1015,1451,18073,344105,5249,6667,2986,144415,51,66
18684,3558,21604,1352044,18712,87601,8809,608755,23,57
17206,6349,4977,379525,19613,13152,10636,49560,38,41
8402,3229,26917,63743,9150,2464,7996,19071,43,70
10560,3737,11064,115933,13328,31760,8289,71633,69,87
14714,2378,43393,232044,7361,12424,26736,206191,69,90
100491,79915,321383,1336926,119093,175427,39887,536481,69,90
9024,7647,26263,1027628,40744,12655,19542,42811,69,90
22275,7016,149190,1276832,120664,203715,180175,623615,54,94
894,459,4189,68717,7200,6530,2268,9833,61,90
4328,907,10194,354556,29566,31623,21079,18069,77,93
2532,4805,13862,607222,15509,6725,11666,63053,100,93
2414,1274,9968,553884,16359,3338,14319,86819,100,77
5565,2784,16133,167271,13388,12967,51486,108661,80,61
31061,7501,81496,1224648,53431,35779,84494,176921,66,56
25561,4986,73526,1085927,53769,43207,41819,201772,66,56
13891,5962,75779,1625367,68951,48586,109902,443977,66,56
1060,476,4706,714011,2644,17500,6021,16137,51,74
19915,3654,21900,1954267,10674,54764,13679,40202,41,100
2867,1362,6365,333473,5038,26682,6009,21159,40,100
3742,812,6353,557736,4377,1024,11890,99358,16,96
6104,7280,15851,423433,17562,23165,10768,44619,34,87
1625,2415,10285,60952,5896,5286,6698,21996,41,75
8546,1674,19203,301677,7463,4667,24320,112657,34,51
2338,693,2388,52614,5986,12001,5966,19699,54,75
6988,2694,13817,155736,12606,22077,19061,47129,50,74
1340,609,8870,315434,3207,17817,9862,66255,27,69
7095,4261,24633,57390,9943,20558,7046,31588,43,88
1692,763,13904,83796,2455,10572,1072,82401,35,74
2356,717,2458,54631,3042,401,2074,11671,37,66
8990,3669,16830,37135,5720,3092,6093,21979,87,53
6084,2988,21242,75534,27915,11796,16142,146259,63,80
12260,1495,53379,12506,8517,16653,7362,24209,56,94
3509,2738,10193,575005,3679,27637,8549,66695,40,91
1417,327,6894,159498,4027,10681,18156,21308,40,81
4382,908,4780,403505,5216,56132,5562,63177,21,94
12130,4130,28871,738230,21942,31455,32299,140012,21,77
12635,3993,5210,260850,5381,8504,9193,22142,40,69
1041,1820,2001,74948,2912,6915,1842,13692,41,74
3965,2351,6336,143701,9401,2627,22346,80578,47,43
2985,874,13171,157999,3833,16653,4431,16230,53,64
1106,1853,8433,7625,2000,7006,3986,24260,38,69
1599,2250,4388,199377,2354,4994,4238,99074,16,53
1982,672,9168,27599,4600,7220,1456,10296,20,81
2753,5936,6553,24081,10574,4263,9277,41559,34,57
4727,8972,20168,483580,19867,36964,23683,168594,40,51
1053,777,6200,237845,5315,8838,3582,30424,61,66
95,35,129,14602,365,320,161,1849,61,48
15257,1691,23400,452653,20507,26868,31125,516185,38,40
2652,3082,25357,257575,9121,65556,8263,82567,30,53
5409,617,36766,852133,7435,6343,22745,93185,21,51
2658,1308,13662,767096,13746,20857,3686,331857,1,44
1821,1594,13184,858518,7417,5071,8240,53722,16,56
2162,1297,5388,424788,7621,3920,4453,81188,21,34
2012,1498,17305,1083520,14628,25685,15636,75219,34,35
3238,301,3890,706378,5986,4096,12582,55770,44,35
4222,1815,20113,911209,15163,10510,35304,154244,41,29
3760,2216,6935,861762,7821,26312,13436,298504,24,29
563,230,2524,110267,1324,1261,730,13863,17,23
4036,2171,7961,289318,6046,28218,7046,131369,4,34
2863,1039,1616,1071562,5708,44428,6270,43116,3,51
5878,3691,16879,1037701,19270,35802,18674,72138,27,66
5934,3968,20854,978173,13012,49978,27302,118049,26,75
21470,8965,46762,830553,12866,107050,71756,163712,29,83
3621,2579,7669,331353,19393,4510,3972,21298,56,70
22271,4875,47669,873344,30929,32885,39229,189191,51,66
4765,4698,41000,1129494,18917,137227,24273,399272,43,64
12860,8102,27186,1345279,12786,26939,21849,494813,35,47
12814,7736,51640,658246,38166,88411,60037,182556,16,53
19908,4032,39037,2246459,18351,23705,21917,143204,16,53
7380,1768,47818,138361,49703,173120,11164,78963,20,69
1369,603,9657,593113,3315,13027,3659,36132,26,75
5132,3123,3434,1420404,5773,17865,11523,54126,41,87
32809,17634,193741,1174029,124681,204783,148321,263401,48,90
5098,3111,45443,47806,10905,12755,13167,114134,35,77
6150,2552,12017,35945,21713,1781,7003,25983,66,67
1124,1139,507,88805,5153,4643,6387,2064,91,69
3038,598,2143,85047,3434,12534,3833,32238,100,60
12263,2679,34399,23649,8004,15459,23845,7876,83,78
4544,6950,42619,116868,14997,29641,26740,44002,26,66
9374,3960,13399,482403,18149,17016,6459,240406,27,53
3710,1963,24688,371008,3179,7002,8530,78181,26,66
6022,2740,8853,298173,13632,35853,7834,39653,23,67
2721,1267,4249,129572,3253,8188,5878,56541,11,51
6686,2947,7446,79156,5753,43607,17740,70219,8,69
3030,1857,7400,49940,2877,3644,2072,25118,20,67
2338,2301,3818,81570,3602,12906,4625,24461,13,64
19786,6270,32808,1265356,25410,23374,23750,224109,21,66
14784,12799,5336,15375,15961,1014,4503,19949,50,53
11904,9120,5463,11565,7178,8069,6883,4714,69,61
1542,831,2113,17862,4740,6614,1460,24866,75,53
35112,7093,25291,927907,16534,28244,30504,162385,74,56
7348,4003,7194,10196,15052,9095,12581,36489,64,61
14074,9161,6129,732219,16872,22785,21690,16769,63,60
10731,6859,97883,1073446,41196,152400,14310,331740,56,69
9491,4868,15897,32460,21332,16622,14653,29494,70,77
5678,2291,9096,3373,12963,4586,23902,14210,77,77
3675,6455,16677,48912,9630,22148,7982,28185,64,81
1953,668,11393,40452,3439,10510,2392,24227,64,81
7158,4042,17460,72108,9290,70969,8475,20483,51,94
9999,9277,16245,406679,13574,53002,76648,245708,24,91
666,702,13011,358558,3326,4415,7393,33196,14,83
29270,1907,21523,1152485,13304,23441,36270,209633,10,44
6601,630,8291,778871,8962,11286,11346,241051,7,34
1232,1620,9304,338822,7147,16080,9173,22439,16,38
6249,2332,13470,868595,12899,37667,7209,90067,16,43
22954,5092,81212,2630985,37818,199825,134892,1308108,8,47
497225,138082,231770,1828333,454372,199381,204260,918608,35,60
17415,5047,66015,2188273,34567,90828,35862,78932,35,64
832,632,5131,38609,2765,2929,4181,7522,41,66
7105,1571,4858,200003,13691,14929,10318,35099,67,70
12775,6583,144791,2791521,41727,105535,113906,285993,51,80
3547,3908,11274,244671,14759,22693,14374,57499,51,69
9154,14225,25788,538265,13221,63145,26804,118978,41,69
45766,6340,48160,169669,70923,154140,17057,155744,40,80
23742,4931,50638,1930041,47306,55978,64987,675486,37,64
7487,3101,35383,1759635,13052,136011,11087,66582,24,80
8819,3108,35902,1627689,38967,36285,15127,102282,40,78
9377,4203,43470,678388,15687,72821,48932,155947,24,74
3170,3166,17871,1031716,14904,15149,13729,204440,24,75
4886,801,11371,1624496,6241,6719,4637,20574,38,61
14322,5447,15913,314322,21047,46250,28229,104911,29,61
39036,6348,28448,1587330,63436,39819,15804,114595,51,56
24201,10591,41975,224504,23254,6023,22178,125134,60,63
142567,102669,235756,1213947,226723,121555,112686,300898,60,63
45507,55184,69052,357984,93692,6035,33320,96303,60,63
123510,232773,78766,1077698,187364,220024,340051,941568,60,63
43339,28795,29230,125017,52055,34782,35401,98883,60,63
35055,18483,54857,1411672,42919,36263,35061,258770,57,56
4353,8097,46033,1036648,23066,4487,24232,185512,54,50
5753,4241,6002,1351974,24920,9256,29207,18435,63,43
14039,13465,73982,2287031,27248,74176,23632,126559,57,56
954,404,2786,489788,3023,11112,3290,49039,47,54
42123,98790,1009740,1467537,222389,764095,1017778,1122518,47,54
140698,19056,255080,777750,203279,46720,118750,175965,47,54
44224,7241,96706,395197,42389,57244,38865,145516,51,66
13940,4370,17027,234672,18373,32114,9025,69687,34,77
10680,2093,9750,659616,14978,18705,7225,95693,34,77
18458,12251,36031,2614049,33210,78387,39280,157206,37,69
3485,1772,5708,886746,14340,34112,1703,48413,51,78
159507,112426,726963,1247836,540882,1128347,319494,854186,51,78
23013,32380,16480,259235,127449,54759,82689,62689,51,78
8343,1014,13142,660906,13245,21215,20839,31115,51,78
5195,6715,14788,710244,9890,14620,14563,88032,44,67
377880,69618,58631,843372,158346,549579,268160,1186209,40,66
105455,190361,528105,918264,139081,124179,329425,1264999,40,66
353233,45227,199728,1011744,151599,272541,134859,668835,41,66
3513,1785,25537,2255628,7588,20086,15091,110876,26,60
8662,4529,35529,117688,64839,29838,75699,246745,37,56
16723,6766,102094,1277309,35765,101231,138049,23908,43,66
16656,5009,34157,968628,30298,80313,48323,268201,37,61
98840,71419,265771,1082813,117842,138726,109170,332229,37,61
143950,33569,62904,1703634,187936,357089,246805,741037,51,61
9097,13725,43877,718095,15120,81431,19315,221546,34,74
3673,3542,2303,232091,8136,11585,10450,18923,34,74
70486,25202,230800,2185575,154396,256436,147410,346367,34,74
31616,12265,117166,536017,88227,32783,96216,578322,34,74
104704,18725,269776,2439670,154809,74117,290373,863560,29,60
1709,1758,8802,200726,7229,6459,10400,28530,40,60
9434,4882,17918,377991,41567,2046,38008,147098,44,44
219271,38661,332455,1945966,378800,253031,239908,402373,44,44
70450,20739,155385,790338,128378,9624,76048,226200,44,44
24286,11696,27376,64461,16543,37583,14992,55081,44,44
162756,97011,100727,420899,168984,115680,33700,227526,44,44
208877,115750,293831,2584999,274616,177969,336071,559622,64,43
978,270,5970,479078,770,7781,2536,12393,64,43
405023,49111,150274,1783804,459261,227417,40055,758923,64,43
17265,7606,10358,473188,18068,113942,19639,215452,54,50
173798,108621,206873,1167466,234036,636303,186078,408340,56,61
35184,54618,57272,1474645,57083,101995,35212,121125,53,83
60119,13140,81312,1392679,81171,76026,41080,536177,43,77
57891,17646,229497,1191598,100705,166937,76145,500250,53,78
45638,32335,84421,1606159,90357,164620,116638,252208,51,70
121190,85022,161100,846513,305834,78632,143901,242203,51,70
73340,75181,473113,2296796,122704,564737,80485,504715,51,70
24813,2837,24720,266953,7675,25590,10916,98546,37,66
8818,2561,7819,774731,32914,34056,50087,118186,43,64
6433,888,22148,235995,5650,29646,6875,16875,40,77
1398,183,1540,66609,2884,686,6215,8624,44,61
8626,1104,5726,943983,19244,11288,11185,80935,61,51
753,923,7713,205094,2232,16569,3933,36913,40,61
1567,761,4041,50713,3011,1558,4040,15340,47,41
9874,17864,7831,800444,11309,10051,11428,152192,29,40
5181,1324,4725,276423,2314,1168,7816,32225,16,38
12880,3957,1799,26347,9570,22573,28198,6966,40,38
14459,4343,3035,128599,15502,12298,7486,13103,56,43
9007,8030,75061,1697730,38649,64631,54916,145511,64,61
1731,540,6453,580204,5444,15728,6814,68215,64,67
3065,649,11908,515644,3757,23846,21517,36864,44,67
198569,52176,124379,1800630,244223,262754,71071,2208456,20,51
12283,11802,69091,403246,21852,11949,80250,119193,26,54
1786,1309,11428,255095,3535,824,7529,11975,38,53
14568,9572,62695,495492,23583,15837,51383,100678,43,56
4524,1167,14943,1408165,8632,35654,15768,56403,40,70
3139,918,4679,740332,5691,7461,4383,149444,27,56
968,367,3425,273547,2005,4745,2667,26776,17,48
5094,904,13666,269473,3592,2103,12973,82267,3,37
1792,1042,5582,465263,4925,15871,7242,53610,1,29
2030,885,20146,318439,7276,9846,7019,120707,3,40
9694,5238,15329,412651,22193,40357,5316,27769,20,54
9594,8361,5956,19176,7607,21397,8021,44547,30,66
3037,334,2737,7694,2392,1083,3809,10605,41,61
14027,4864,18599,8136,12108,12861,11217,65229,53,67
16620,3006,11302,130597,9900,74233,26873,33059,40,69
8923,4233,7200,19000,18051,6161,16495,19185,60,63
4072,4118,20254,259365,11057,19848,17803,62849,54,69
1,1,0,1,1,1,0,0,0,0
1,0,1,29,1,0,3,1,0,0
2,0,0,10,3,0,2,1,0,0
251,940,940,38006,461,447,1065,2517,0,0
16992,12940,27881,716056,47197,178236,44897,1279455,0,0
2878,1664,19193,831899,2313,22055,3859,170981,0,0
1148,1587,5066,279996,2992,37529,5402,100646,0,0
1624,1998,15101,1011698,3670,7641,6697,73342,0,0
1439,4207,7217,1500422,6333,1842,2912,108184,0,0
872,1689,16290,523604,13955,4338,8079,61253,0,0
3908,11406,45519,828195,22428,70311,11879,255794,0,0
9655,12372,68180,2271707,12938,97010,14342,267844,0,0
748,1505,6586,343907,997,25695,1313,94432,0,0
889,1793,5519,1014129,759,11927,2271,35471,0,0
770,1281,3605,641336,899,16790,1472,19061,0,0
2708,5990,16729,560751,8369,85549,9295,231180,0,0
3263,7278,25373,1619709,10212,52815,5949,87252,0,0
2998,7121,32455,2004633,4324,19163,8569,216352,0,0
7729,19345,7063,641003,7908,47465,16095,499293,0,0
5000,9780,3700,367904,4197,66812,7855,155395,0,0
67829,58245,215029,2443940,61028,137911,230018,1138234,0,0
12862,26686,46450,1170655,16195,41341,25223,955266,0,0
1127,1345,4830,414724,882,5373,2193,41435,34,44
1775,5765,11607,331711,4612,38233,5790,137053,61,75
131,122,1271,137940,264,997,770,8458,66,81
9974,15654,6237,528166,9777,29370,15328,537712,66,63
4166,3959,17693,699012,5733,15337,9444,71350,66,57
1517,4836,6667,692339,1765,16922,3404,95899,51,53
4369,3026,6221,441469,4188,2945,9949,44810,69,47
1787,1566,3137,434263,2661,4528,3929,124537,69,44
26809,17565,13762,2230670,36142,41443,14599,384580,69,27
7459,3351,3536,251819,9285,54849,17591,196144,87,30
2743,3784,16675,267120,5293,20385,4227,133118,67,38
19156,7824,31783,900266,19648,14665,24622,49515,97,67
5697,958,10192,213943,3255,1942,12090,42660,80,75
11648,14966,25347,1760739,8651,11819,7383,131193,77,75
1936,3016,8954,243920,6668,803,4266,93793,81,61
2508,2781,10674,94462,2060,19285,5587,11750,63,67
5434,1283,14317,1221489,7275,10520,3947,93289,63,67
7748,6444,20588,1153286,6951,23034,11307,273405,13,66
3962,4397,13845,243556,3541,57281,1751,151349,8,57
704,719,1448,186011,931,2294,679,56153,4,48
985,720,950,172527,1869,5718,751,63239,1,26
2386,2891,13856,212979,2158,716,1784,48214,8,35
9707,6228,16390,2050739,30592,120903,54734,214224,34,35
459,987,334,155310,596,243,987,30304,35,29
6341,8816,29001,1876577,11304,30495,8675,697405,27,34
10249,10486,53228,248882,16446,27458,23419,164524,38,38
11240,11222,64599,1376843,15739,32882,6298,246882,29,38
2877,3141,4298,1313587,4792,5953,4220,175050,35,48
2544,1693,7781,1983002,3872,4316,1496,26341,61,61
15193,9358,34336,1311508,14699,16460,13662,233721,56,54
556,817,1018,106818,1439,2049,327,27556,56,43
2259,1738,2329,1225923,3063,9871,6953,61995,61,53
1683,1706,11434,230622,1993,2758,1627,89217,38,44
1095,634,928,169071,719,3067,1078,12576,35,48
1284,2481,17172,114908,2510,8621,3927,20346,37,69
10060,6205,20852,331368,26328,44229,9860,353692,43,70
12044,12196,60719,1522454,21938,9417,14861,260972,60,75
6112,1616,5578,766831,15126,8457,15248,88462,78,66
42052,20526,50338,2092674,18323,141974,49969,509996,67,63
5792,8233,8382,2884941,9058,83432,6073,151207,57,94
10068,7232,49337,2115802,15095,45878,5867,287699,53,93
12713,6565,12093,944740,16210,107871,10517,124963,66,100
767,1473,17502,324879,3891,8525,4827,56214,51,90
6324,5752,82606,1059254,8443,73281,6445,306968,41,90
3793,1557,15181,424112,2437,550,4441,212766,23,77
15127,5803,19439,2509115,16093,11785,5408,153311,26,63
7326,7061,12463,655260,13073,43423,19173,151513,30,60
3225,1944,1891,72694,5588,9092,3543,14289,64,60
2949,1672,6296,121036,1953,10779,1110,21613,87,81
2170,1937,5431,133991,2698,10035,3311,59275,74,83
2074,1905,28351,267684,3932,6908,5731,79190,66,87
1158,1335,14003,148143,2607,10454,3419,13986,61,100
1892,1376,11890,72735,1454,5665,1387,15283,64,100
7539,6164,32446,506448,15707,136447,10247,29733,75,100
11038,4934,22666,668982,15483,40772,5903,47868,80,100
14121,3423,140401,126764,15175,32058,7286,19540,81,100
7520,7142,129517,295473,23078,32786,36005,183221,88,100
1723,2052,4011,56921,3901,10232,1581,14305,97,94
20872,2899,15144,16616,18755,60999,12453,36559,100,94
2695,1617,6843,93070,3698,10092,2429,28286,100,78
8841,2652,8804,789653,9293,35422,2385,32431,100,81
12443,4683,59765,696496,15360,42941,15233,47930,100,87
9815,5033,7119,102964,9604,40552,9146,62932,93,81
13114,7202,117888,1262263,7379,71227,7896,33757,81,97
4745,805,18433,192429,5314,6250,2983,10500,84,100
5451,3140,54837,254558,16882,19060,6671,137702,81,93
8718,3781,58861,230988,18727,2274,18063,124986,84,90
5697,3610,38162,2358682,22198,30869,30417,149607,97,69
8284,1567,6695,683371,6663,45316,6936,74967,83,63
12742,9830,20379,4052589,14848,19930,34430,326639,74,51
6729,4968,18609,1117375,31493,125002,22251,259722,69,53
8594,5633,32292,658305,9650,48684,8715,201140,54,53
23518,3802,9738,380853,14262,26423,8706,140802,61,44
24123,5495,20681,1106044,17339,165978,14802,44690,69,69
8311,14041,23831,762468,13627,37777,11943,166080,64,67
3555,1970,8848,196146,4230,8406,1613,30832,80,69
9757,2593,22018,275816,8702,100838,12388,83635,70,83
19347,5114,65304,68136,11753,100094,8124,10460,69,88
9714,4670,22406,174605,18014,12097,6259,74083,81,87
1468,1273,5646,153611,2127,7503,3360,14112,78,87
5701,1229,24007,915444,5072,2027,3310,26086,88,81
4668,3925,28714,207512,10306,32102,40816,168517,83,57
2247,2892,4390,241373,1456,4519,2679,13540,69,61
2249,1059,19775,124425,3501,5181,5395,13351,70,64
2753,2068,4023,133729,4475,13248,3998,43589,67,60
548,407,1691,184466,775,273,3202,6425,77,57
4114,1521,8366,101479,5689,18805,3924,52727,78,56
807,793,4766,33330,4013,3981,3416,21586,87,47
4081,4318,46110,23509,9163,34035,14968,9676,91,60
1659,3109,5066,93622,2228,10659,3527,29565,83,66
11853,4561,80934,720033,17074,90409,21051,276366,74,67
987,1291,11288,113039,2114,7396,1678,33041,56,74
4635,2390,98320,29757,11533,38941,4807,19884,51,77
9085,3866,151018,661026,8783,17040,19835,40046,50,88
7256,8247,71321,8142,10459,50975,12165,25908,56,100
8175,1882,59941,6241,11493,67780,13553,7276,66,100
9063,2001,170703,14702,16154,43422,7706,7735,66,100
12588,4029,177439,119989,14272,30216,12125,32887,69,100
7611,4905,32137,5919,10830,43216,1836,13609,80,100
6025,4455,17980,322961,9240,23255,10314,61379,83,100
6258,4295,11593,522270,10861,35766,5086,28046,91,91
7536,7085,87651,829523,7931,13016,13794,72598,90,83
5664,6194,7250,141681,16213,105484,6277,91311,83,75
7116,2762,71406,653159,21860,162100,17290,50443,77,83
12729,2273,44457,63830,20973,11559,4541,11467,97,84
1926,2055,7391,596986,3933,22955,2452,74643,84,78
8311,4023,29544,1277277,13756,42690,11867,43284,80,81
19391,5591,40900,496291,23828,18874,15065,371293,74,60
12785,3399,46154,5869,11546,67024,8733,19567,56,64
10080,3359,23819,21584,11185,51488,7575,21273,70,78
8368,3767,71020,558225,19552,49721,5079,36555,70,83
6978,3973,44421,9390,7319,2682,13210,14793,83,97
3053,4626,105829,15516,10700,44888,4855,14709,78,100
1264,829,24432,27802,3197,4459,2410,22131,69,97
9765,2750,109008,73137,22596,93867,12976,141508,61,94
1765,892,46637,118891,2368,2511,2981,16467,47,97
5701,3734,85552,106866,5969,70543,26396,74171,37,96
12781,6091,181662,1406962,27378,83204,10834,125304,38,100
1960,928,34804,105715,4852,3039,3584,16193,51,97
6015,2349,64586,21827,12204,58612,31838,32985,50,93
7288,8266,42615,32237,8016,79872,14727,13953,61,97
2267,1116,34519,181670,3976,6233,4757,19806,60,96
13409,5260,35462,1278467,17860,147496,28202,130791,54,94
12676,3690,133140,169464,14769,39401,13016,72720,51,94
4431,2523,38715,887307,12580,23552,5761,159521,51,78
21618,3106,155659,15433,20525,30038,23268,13747,57,84
3012,495,5369,74958,3581,15310,2750,47476,54,77
6016,1992,14398,358026,18610,67025,8533,89794,74,84
6887,6904,94425,1102382,12597,11185,19517,124161,81,80
10032,3624,12341,260577,18527,33882,24266,63658,87,66
3728,888,14573,572783,4648,14883,2027,30928,83,66
12439,7203,11036,145225,22276,167643,8080,48476,75,74
10615,8030,110637,5628,15597,91884,8698,44040,77,83
7771,2663,32355,472631,28299,67007,7429,211779,66,81
5006,1240,9924,245118,3620,65833,3520,12776,57,93
2486,685,23601,234449,2615,5614,2398,30239,48,84
7189,4883,69593,436027,10917,46507,15866,13172,51,87
11216,3727,119740,25742,13016,2224,18322,23973,67,100
8304,6796,112067,178008,14151,92451,7173,84914,61,96
5052,7373,41426,22956,23176,42414,20748,51331,66,87
3454,1194,11248,922069,4790,52158,8000,80186,57,84
1636,847,14037,85833,5663,17428,8365,22968,61,78
5833,9347,109675,33191,14537,116939,5128,18527,64,84
5853,6289,145517,25146,10081,33940,15644,11772,50,96
2891,463,5966,259405,1927,9684,2156,14549,57,97
9392,3274,18252,16417,5613,28964,3465,17392,54,100
8744,4007,29689,53209,14883,69745,3574,12930,66,97
2857,1711,6306,40633,1163,29157,3284,5755,57,96
14405,3097,112211,40132,10800,49362,17473,24090,54,100
9051,3990,102667,62020,9800,115828,6419,40887,44,100
10966,1947,13356,18482,18820,13145,18547,3777,54,100
8579,2000,19646,62477,15281,36881,6909,25357,70,90
2546,2638,7223,165048,4412,13436,3698,12803,75,81
9003,2498,23033,23718,13206,60672,14034,19156,84,77
7664,1377,96242,22796,9109,45527,5580,9401,60,94
10357,2883,17135,5548,9605,149780,10589,41863,44,100
5433,13562,113492,17065,17659,52629,9677,4248,43,100
7694,3520,39071,33239,9129,38628,6512,53845,37,100
1315,2207,17940,91747,3170,4794,1857,7572,41,100
3419,1244,7872,146515,2845,37267,1620,26818,24,93
1909,1617,167855,5799,12094,28814,11960,27744,21,97
13422,2728,13668,138090,19010,146059,10776,12801,44,87
785,203,2267,33474,404,8061,472,2277,43,93
2166,676,5172,345808,3098,19703,1698,12938,47,87
5494,3283,64301,44236,10684,22816,20878,95046,35,78
10714,4480,40966,32861,4134,40847,7927,15892,24,77
1026,485,23067,105154,2136,14096,2752,14868,29,74
8140,4330,54009,74386,7083,75420,15151,23676,23,78
12142,3117,61736,177774,6490,31187,13995,128700,14,77
9303,2898,101019,89427,23026,150540,26153,17303,21,78
11778,5564,206276,409731,13667,37303,5176,66624,21,81
12686,1019,176547,2925,16011,126995,11957,20265,34,84
7690,4259,175470,485577,13530,14177,8596,133684,26,78
1537,330,27100,267118,6956,14587,6406,1822,41,78
688,129,6965,135006,859,2345,703,9077,35,81
1529,1694,43511,512454,5185,26292,2509,11938,38,78
1922,408,43507,108458,4845,1560,590,15964,44,81
21501,6213,85542,680707,14210,199412,6967,95313,29,81
2783,3371,11875,622616,9045,20659,8626,81254,35,74
2862,4714,8323,239977,14275,5964,4600,21311,53,56
3076,4033,36074,5350,22126,259661,12848,19309,51,63
8372,3872,73720,583258,12379,45336,15247,284983,48,51
7523,4179,45265,17574,23849,90501,17545,16881,54,64
8955,2628,200127,410724,25810,73007,17015,53997,40,80
5740,1674,36933,185341,43587,49519,8827,116038,51,63
2440,3226,119979,11543,14968,128671,6814,11478,57,84
6682,3759,33602,18132,7220,88713,10344,21976,47,87
14557,2376,29691,26759,14329,241271,9920,42868,40,88
7425,6750,36443,623824,12837,73104,10590,122184,24,90
1741,765,15525,64915,3725,9820,5172,75830,21,67
3833,1740,37561,41517,10558,38276,5097,14567,29,66
9891,3389,60399,2239371,19192,26282,12758,55524,41,56
1911,1401,9062,46401,4369,20133,2477,14994,48,61
1041,1039,2490,116535,4023,6772,5858,31465,60,60
7686,3738,10647,57026,9227,13088,20837,43085,61,44
5226,3102,10202,65150,14671,6618,7200,11638,75,40
2005,995,957,180888,3447,1532,2924,15465,81,21
2419,4326,23958,38961,16464,22584,7217,15158,91,34
9721,3210,5345,8046,10892,1385,26112,18239,100,26
14877,4448,14260,30690,20540,2145,28225,15408,100,23
2631,1153,2335,54721,3644,7500,3272,3817,100,38
11530,3755,12796,93854,19396,23801,16320,27682,100,30
8118,1788,6857,53741,15277,23160,9898,19143,100,48
10721,2593,34640,4715,21092,6171,3622,4458,100,48
3575,1691,3924,10205,15117,18167,19090,16486,97,47
20017,9993,12676,278098,12686,22093,12178,143997,84,38
3740,2219,1431,116978,2255,4799,1880,21736,69,35
10038,5994,7468,1572006,5299,7503,10573,45321,54,23
18829,28152,32719,1397480,39020,10605,13791,658948,34,14
1,1,1,7,1,0,0,2,0,0
413,1105,7950,375794,913,6792,3395,7094,0,0
389,2931,2149,300688,918,4551,1270,29963,0,0
354,700,5596,240268,522,3778,2193,81728,0,0
214,740,817,464385,569,1928,1524,45616,0,0
2614,10068,85560,510895,11451,193683,10055,166055,53,51
7137,12048,51850,156114,19702,11176,40356,354177,53,51
24218,45612,187148,1075819,152997,249066,293945,1151121,53,51
11086,18013,27094,1136213,30198,42913,370468,545333,53,51
8690,21673,37950,290510,29004,117167,398235,1114570,53,51
14809,45684,16928,499055,68202,283691,567269,582570,53,51
13144,37909,49195,562601,45640,40722,612515,1438102,53,51
16525,36241,87674,587200,76125,392005,523019,412018,53,51
6478,21662,37478,683571,35388,995543,392827,356455,53,51
21282,13406,137626,1450801,67884,132241,306011,1868474,53,51
4731,16605,135657,887547,27400,366625,79279,420179,67,61
3653,3241,11211,638406,8262,15638,14844,147427,91,60
1210,1687,15441,634874,3101,38669,3651,128299,100,63
585,555,3383,144163,1054,3323,528,34378,100,51
6762,9082,153893,1549329,26736,66492,4888,297171,100,60
4648,4581,98952,1479107,18116,204282,22515,252906,100,78
318,614,4397,225360,1451,12824,1910,21044,100,78
6373,10177,70834,936678,19573,150360,16270,691433,91,75
2053,554,6218,399680,7234,52803,4130,131989,93,67
552,342,2772,117649,773,7757,389,37240,94,57
2677,598,18227,261946,5766,80284,2009,107987,93,56
3099,1396,28968,543088,7100,54147,5945,124158,100,61
418,239,6357,68342,2549,32714,1482,11365,100,70
512,204,3727,82541,1787,12563,1300,40819,100,74
5231,3410,176077,1425912,20857,730710,4401,183046,100,84
168,418,2874,134103,858,6740,1599,25468,100,81
3608,4296,31541,675237,11370,461779,8571,276696,83,78
1891,755,9788,674591,8440,44893,7578,97554,90,80
11141,3064,20071,601509,15764,199970,32008,378673,93,66
619,1104,1752,92597,2713,72367,1728,161589,81,67
513,765,8212,132547,777,11354,1174,22566,81,63
2621,3094,17951,1274103,5062,98913,3410,31896,74,75
176,581,5374,216864,717,3075,2830,82338,56,66
2167,2290,7431,81823,5237,58914,3865,135276,67,66
2120,808,22753,432855,2449,23867,7467,132718,64,60
1648,1483,7752,149646,5838,103925,5013,85383,63,54
8396,6642,99062,1436566,16748,33761,33362,389085,83,61
447,543,2415,92422,1221,19209,2824,29419,83,63
901,495,4344,130093,1380,6075,4549,14597,100,64
3556,581,22380,523283,12644,73384,4270,147016,100,60
1872,728,31943,777744,5369,46429,1804,74538,100,67
1331,1108,26058,594448,3387,27074,1561,90537,100,66
1171,1143,10904,525367,4035,111723,2311,122368,93,70
5167,6020,86130,569406,13867,242655,11632,381240,80,74
685,2115,15222,361392,3037,59718,1478,162865,64,67
341,176,3022,183796,659,9960,981,21963,61,67
5258,2041,31959,450298,24513,307439,19077,450578,69,66
823,760,7321,815618,1349,23422,2815,85203,61,61
3756,6757,123973,1008754,8410,273081,10528,598818,56,63
1230,2397,38420,1470051,7984,249867,6846,146301,56,70
2072,2918,8050,156871,18287,486962,4810,149317,56,87
3706,4889,40655,1501334,8418,187102,4879,355824,64,87
2132,3396,24543,1121827,9587,152356,9351,471588,63,77
147,154,1845,140018,637,22432,717,6751,67,83
872,1020,3783,406097,3519,18784,6491,102564,67,66
1288,3014,5274,471509,5196,372167,4004,202914,47,67
1107,1662,12478,338270,1039,35413,2220,82995,40,66
264,324,3440,171415,683,9653,863,7177,53,75
82,240,526,135560,308,14851,498,20847,44,80
1157,1762,6063,442948,3700,40622,5323,129198,57,69
2702,3105,17206,143060,17764,529859,9282,69834,77,84
2097,5533,4521,276611,6671,161556,5646,451031,57,77
3727,5480,18233,342441,8622,109670,7156,533751,64,67
3028,6224,15928,716263,6959,143496,12673,677334,51,64
4295,3934,3593,1378844,8088,138048,5837,355184,41,48
803,1398,13843,763620,1660,16692,2413,224038,34,41
1660,4457,87250,1529497,7417,59289,15605,282131,37,47
2337,5561,22829,514591,5963,233376,11272,248046,34,53
2196,3402,21816,887945,5284,123629,2565,336804,43,61
1066,3981,6010,332176,3587,230454,2269,339024,27,63
2696,4204,6272,312103,8143,257605,4863,259500,35,70
2125,6761,35913,1304509,4904,77386,3058,228005,40,66
2662,11432,7609,1224364,13180,172335,17907,326702,51,67
393,682,1335,102432,2943,67898,2589,63505,67,69
485,1521,12023,101578,1758,28942,384,64870,53,69
2335,4104,12600,655213,8741,40414,2892,346397,53,51
2175,3300,49729,1696334,4205,44547,3266,349878,56,48
215,1052,4861,202050,1503,40223,243,53784,57,54
846,1027,3612,255114,1253,80492,430,28565,51,64
229,580,3500,1285929,892,8279,1982,143415,29,61
798,3670,19001,1978317,2882,129840,6211,210175,27,66
1771,1869,14147,659819,3971,104471,6551,459315,16,60
1654,4225,36006,777727,10303,263122,2114,118683,53,74
1947,4076,34301,493200,5863,52807,5384,496961,61,64
1234,3337,9499,501626,2836,206198,3846,393923,37,61
2295,5826,57111,1322197,4524,26998,21047,229980,27,50
122,509,1978,656018,533,831,909,7304,51,50
598,1617,16369,531415,1321,20980,4903,42030,60,60
1105,848,3607,306184,4235,21451,3384,104574,90,54
57,267,533,109858,199,3330,497,6501,91,50
220,780,2456,101376,1197,11635,1392,54836,41,48
682,997,5060,143437,965,6110,2421,108538,26,43
1020,4987,13369,2165473,2540,17733,2894,632180,21,34
2264,3242,5215,768590,9428,107573,5980,248387,37,29
340,369,2179,233463,831,15994,941,46006,30,34
2581,1177,30188,1455374,6544,46038,6864,175458,47,43
828,1998,7921,2425856,2126,58615,1199,281363,56,53
1425,1212,16663,806281,6075,26913,9059,123620,60,51
274,650,1470,144625,281,838,381,107700,41,34
1361,4593,13136,2161272,7241,52819,6045,204820,43,30
1983,3382,11330,1115804,1651,24558,1143,260695,41,26
773,3108,18951,2138761,1773,6578,1836,105221,27,24
571,2550,4402,450175,1133,27498,3112,181293,37,38
402,680,865,40911,170,448,234,86116,7,20
1147,1880,9706,400319,2633,37712,7264,213697,17,23
149,459,1417,113054,279,12329,648,41990,8,26
965,2928,14541,1122992,3046,16693,3686,343099,16,21
1244,2548,10095,831946,2605,71129,4241,155277,38,44
387,1635,1030,638466,1414,19393,1677,102888,38,44
376,645,1396,167475,314,4038,774,89640,34,34
635,2164,620,924620,897,17840,1232,83621,35,38
449,1015,1176,327952,1408,50975,1869,111689,30,38
524,2683,3779,195376,5445,4430,1471,668604,27,20
1239,10756,15818,550775,5993,38409,4094,606467,40,21
261,407,867,198736,351,3914,455,24787,41,21
438,1818,4788,278338,1997,7663,3796,53671,56,16
289,3457,4124,354844,1106,1553,598,136120,56,23
670,2979,10313,438410,2108,6443,2202,60456,74,30
526,3126,2861,232738,1240,1196,1611,142824,69,17
693,2257,2745,361849,600,4278,541,25997,63,20
642,3466,5732,1152201,3248,23889,1508,112368,75,30
526,3112,2329,781518,1769,8834,1367,92041,67,26
557,2492,6140,1616740,1090,12875,904,37813,80,44
2548,18660,16831,3454117,7212,35611,7446,101922,64,37
444,2888,3791,196283,1006,2604,1416,181917,48,17
1419,5170,6737,180050,2615,43420,1764,122923,63,30
4277,10084,8896,1730838,6418,17281,7961,546846,66,26
1554,9975,16920,2096638,2028,9859,2613,270854,41,17
2766,8887,1980,671803,5549,24165,9184,140019,63,27
3688,9983,8313,2912835,4841,122549,3329,385947,56,26
381,3169,1646,598320,764,4979,1110,77904,53,30
1994,5583,6492,502700,7869,17469,1760,117660,80,35
2988,6285,8321,2362203,4078,10639,7708,196716,74,30
1141,1259,3389,862906,2646,24106,2089,162159,80,26
280,695,3615,331398,1326,5101,699,42800,93,34
918,6961,2337,3688,1866,2591,3009,3007,100,56
4646,5902,46987,1256871,12059,115843,39755,1040711,100,53
2521,6111,2119,271224,6169,17702,3913,160952,88,44
856,2066,1121,145109,964,5717,437,17300,75,44
3920,5774,2684,857500,9519,62995,18095,513562,51,35
119,656,628,69568,224,1378,467,4285,63,41
106,537,1484,141315,490,657,1549,17432,61,41
623,2470,1245,590884,1123,2833,2041,15930,63,38
4268,9047,41254,861742,18116,16548,14185,106128,80,47
1152,1306,14787,617717,3521,13485,3026,53382,81,47
1903,7926,3040,19772,2058,1769,984,8488,97,54
1977,12775,16309,246622,5845,2491,7312,102338,96,53
1044,3088,3921,1482538,2879,11094,2413,145337,81,44
1258,7519,11393,5567,4461,2977,4282,8862,94,48
661,1727,2746,130752,1189,3212,149,15475,84,47
691,2064,2178,196839,2439,6254,1765,85597,80,43
1950,6684,26032,4399,1252,14012,912,8057,83,67
699,1407,965,153958,424,869,3583,11951,66,54
224,1727,422,113264,898,1730,1575,27112,61,47
850,1368,7149,118146,1480,26509,2325,73235,54,56
1061,6907,4760,10353,3223,18350,8888,11559,64,47
207,1373,4942,100525,362,465,660,10421,61,54
1534,2683,2823,3032,3052,11515,5619,7759,75,70
2201,5657,4529,997742,2808,27945,2018,139055,77,66
1697,3933,4614,152449,1479,37857,4604,82920,57,63
2431,5672,8554,6770,1678,7995,1683,2614,70,75
1277,9386,6305,9654,4440,1680,3608,13270,75,69
598,1218,1983,112373,1735,3972,1943,12007,100,83
1963,11667,1466,330000,16315,8552,21625,96628,100,56
1668,7418,3306,337259,4388,26918,14739,151338,84,51
1568,7821,4626,7846,2853,4213,9726,5178,100,41
2371,3143,4146,7219,2749,8708,2953,4998,100,50
773,8870,14440,3137,5239,1740,2962,26839,100,63
577,2294,3966,58086,942,18460,1560,38991,100,69
1462,4013,2468,5782,2570,4360,4761,8648,97,67
1803,5983,11560,8442,3553,3508,4232,7525,97,66
1119,4835,2012,8705,2447,5677,2505,5558,100,69
2893,6665,10242,440,2516,964,2914,9565,100,74
635,1097,761,39566,3192,1096,1508,34322,100,57
529,915,4173,4148,852,765,422,1075,100,63
675,707,2875,76059,912,625,1818,39612,96,44
1665,6036,9320,13265,4286,3919,5805,17519,93,61
1116,3948,11741,3238,3869,2825,1694,5378,90,70
1573,5333,5275,2826,2206,9247,1529,9640,96,80
2198,3083,15283,3165,6544,2361,3287,1483,100,91
1211,6051,8745,9892,3176,5859,1140,10568,100,88
1460,4440,2285,1805,2528,8479,4902,19777,97,81
2202,7542,2566,4136,3459,8089,1455,9962,100,77
1194,6230,8832,488415,1774,16477,2916,49521,87,66
2081,5681,2285,3525,2702,21147,6029,10566,87,74
1059,3078,8152,6973,2248,8598,4645,7674,81,77
1624,7077,29500,2647,2881,19127,1020,6504,80,88
1405,5977,4697,1284,1766,19638,3657,3573,78,94
2623,4083,9589,725714,7510,49874,7265,134087,69,87
1199,5763,4199,4958,2116,11035,7168,7264,80,91
1347,2795,4369,7997,3678,8666,4451,10778,88,80
1652,3359,4617,3882,3004,9661,6324,3863,96,74
1088,9708,14090,85582,9365,31258,12376,138067,97,70
1486,2725,7522,559967,2665,17966,3938,14181,94,74
1695,7021,1409,4095,2079,602,3122,7649,97,64
1930,2588,10493,4055,4181,5843,1121,16505,94,61
721,2088,2139,73728,1129,5615,1393,20478,93,63
3889,2963,1616,2764,2303,4817,4678,5200,100,57
3332,6177,3875,22725,4476,3055,3044,13493,100,63
1154,4408,7422,509442,4552,14115,1545,49670,96,57
436,1239,10481,39809,1430,16110,3209,34076,91,61
3654,9091,4809,1347,1240,7166,3052,5252,83,66
2831,5146,13583,1360,3104,549,2263,8415,78,75
2763,5492,2402,7644,3015,15214,940,8620,83,83
1537,12186,3633,2740,4837,9685,8561,9516,100,83
143,214,871,121256,661,1599,1371,7059,100,74
189,2180,1523,3782,504,992,887,2738,96,69
2249,8236,11889,5498,2445,3587,2670,14242,83,77
1865,1566,21902,89367,10678,3587,18411,54041,88,77
1558,1364,7697,2646,1633,2235,3148,2542,91,81
3540,4764,5086,2067,3909,7539,2990,6224,100,77
1479,6352,1919,5719,3132,10287,3937,4512,100,78
590,6899,6876,6851,3814,5437,3673,9376,100,83
3193,11365,11343,430605,7242,11138,21837,304581,97,61
1159,5081,8803,4963,5588,3225,7497,10473,100,41
1831,3683,4964,9780,3274,1608,3749,4245,100,51
1762,6351,8349,11169,2214,3187,2286,7185,100,64
1081,5290,1589,6061,2721,4561,5684,15546,100,60
1948,3702,2244,4462,3163,2655,5123,4778,100,64
1957,6147,4857,11095,3253,11441,3394,4980,100,67
2176,5501,13137,5707,1486,3241,3047,15610,100,75
2064,10322,3774,2985,2441,1611,4197,11520,100,67
1281,2863,3989,93571,9122,32414,9806,32305,91,74
1576,6052,3953,6420,3335,5008,5811,6569,94,66
2458,6178,511,4278,3243,6331,4567,7238,100,61
1058,2700,1749,48465,1431,599,1836,18659,100,54
2707,4666,4894,3853,5708,14901,3289,15703,100,63
1234,4072,8598,5627,1929,10705,3628,3512,94,74
1292,2797,10332,6522,5931,15600,4183,10423,100,90
1856,2639,6894,1772,2395,4514,8637,5998,100,83
2152,2460,6315,2091,4524,9025,4430,18094,100,81
556,1768,1807,225656,787,9093,4489,16336,90,70
1479,2682,1474,7749,2832,10037,1439,6413,90,69
928,4927,20211,920,3389,1180,2120,8177,88,77
1788,2978,4587,8637,4618,2018,4687,9093,94,74
1818,2739,6591,7043,4400,1754,3819,6150,100,75
1600,3364,9523,7317,3166,12333,2433,3655,100,80
1245,1023,2353,9581,5113,1936,3249,5712,100,67
1537,2939,3846,3090,2102,13316,2117,3136,100,81
1367,2145,4449,733,4288,12728,2694,2545,100,90
1725,5639,7754,6402,2906,445,3373,5999,97,90
1322,1846,14299,6640,2760,4924,4718,12499,96,83
1196,2033,17475,28999,4402,31992,4745,31574,84,81
607,464,1579,108285,1201,7154,2057,6316,81,81
3640,3612,8598,7663,3335,11520,4373,4457,78,88
799,2819,4647,4256,2425,6457,4563,9883,81,84
4507,2988,8404,18859,4288,9441,6234,8861,90,81
1839,2735,5523,122309,4895,27924,3853,16677,61,38
988,2243,13099,14296,4369,2055,5799,4857,84,50
2086,1534,8879,7717,3191,3031,3875,5427,87,70
2267,5573,2171,5671,3528,6223,6052,6633,100,80
2887,4013,6100,9595,2483,2573,6706,12085,100,70
1825,4470,6750,9766,2354,5465,5542,6931,96,69
532,547,525,60759,1377,7043,782,32833,84,60
1330,2944,7389,33862,5689,8399,4233,6071,87,63
556,419,3289,89558,1611,6354,1751,38233,77,60
1546,2153,6923,892519,5964,69374,5423,854565,51,44
110,355,1546,110685,619,249,745,14517,26,27
221,291,1967,83012,847,3536,1658,61127,17,20
8835,3316,80444,1606767,19915,126220,28466,321109,0,0
1939,1290,23125,431532,16763,25855,30224,83487,0,0
4002,2326,21250,979942,10325,15807,18204,134890,0,0
16559,16076,118755,636730,42815,106401,31562,1152244,30,30
4850,2253,8086,309417,27006,18319,23807,103614,40,4
8076,1894,22066,251526,11993,46087,44131,71134,47,17
2988,3200,12515,35978,16135,13419,12507,22254,100,77
1668,1583,3719,182706,1715,5545,1862,21068,78,91
2829,729,3928,179461,13130,1042,9087,50386,81,43
4704,2610,31718,156520,9272,14233,27059,102214,57,38
1801,567,4607,188644,2303,1490,4709,7652,70,40
17635,8124,8614,11280,8422,4580,21639,33580,84,29
2498,755,3080,322061,3446,4773,4116,32235,70,47
859,2269,702,329042,6006,3917,10330,35484,83,27
10251,5165,11944,365494,16263,32526,99247,206053,69,13
3765,3338,27417,661326,15120,107761,23000,225174,51,27
6255,3721,75724,833676,36414,79394,31423,141938,54,47
16544,7298,54068,1094587,10344,46306,24366,17415,47,83
1835,1197,3730,164728,2455,545,4399,91609,35,74
7521,3877,8684,11249,2940,14100,5294,28528,38,74
5795,3602,11312,795734,11359,25736,13880,40924,43,44
6830,2534,9507,1285954,25687,6445,11409,155927,66,53
5782,2676,30777,101992,14470,32170,3085,48681,78,56
3566,618,2592,550155,3907,4693,14289,83845,67,38
5899,2610,31342,110445,13020,4364,17594,70160,66,35
3850,853,4918,1077527,5262,11668,3092,74972,53,43
14687,7131,132537,1970565,39894,815,58827,895318,35,23
2492,1427,12658,170524,27013,9953,21445,29325,63,38
7908,2479,30690,772894,6663,102270,36999,184115,40,44
773,605,6266,147290,1434,4669,7534,35758,30,47
1995,1022,3453,278450,5868,21251,6661,38785,41,61
4457,2977,93848,1557245,43110,53246,57688,190637,24,66
5504,8065,55475,819950,63865,78310,31528,234756,50,61
5419,5653,17463,290235,13941,14855,28032,16736,77,69
8714,7750,18706,1550708,25924,16005,85908,180511,80,54
5444,3257,22222,1966648,7536,15073,20170,82134,70,51
1970,1174,18422,830902,10187,28078,13166,125424,56,48
10249,4052,62365,2254744,19440,44673,45185,64674,44,53
2578,2097,4953,1935950,11062,65919,6023,261772,29,60
17900,4464,27463,181450,22207,72344,13666,302091,40,67
9615,3230,33189,1791105,56716,58457,51356,632438,35,48
15417,2692,66071,2299717,35259,39314,31151,101347,54,57
8798,4174,12697,1711782,8452,35728,34253,195244,38,41
6610,6848,59845,1579390,34421,3761,14284,386891,43,35
6806,2446,4739,34655,7496,4108,13929,22679,56,40
3820,3092,8626,345030,14353,2531,20748,23677,67,26
1805,2401,2889,5809,3205,5695,2929,5545,90,41
1907,626,1427,132909,2264,5308,4671,42004,83,41
8393,4219,54526,697629,43668,61444,22924,411527,69,43
6051,6867,5970,16759,7100,13679,6059,29223,56,54
5842,3208,4844,23556,15093,17239,18388,76429,56,37
4502,2692,16357,224760,4342,8842,9562,21523,51,40
4928,831,3697,76470,9010,4762,17264,20054,69,40
14086,6021,18306,264710,15614,21729,39561,126346,74,44
6552,786,11927,273911,6137,22602,21850,106165,56,47
2891,922,4527,439500,15780,2701,5753,76856,64,23
1065,1686,3250,54896,2050,10596,4431,93972,30,17
7993,2014,13699,11833,10863,47792,8115,21184,35,41
6650,1729,7615,31199,7854,9801,3289,33048,51,48
6465,2769,30760,82378,40858,9490,60682,315201,44,50
3415,3529,84886,478905,8004,78235,28363,537018,43,57
1333,821,5549,444023,6326,10579,9776,24229,47,43
3274,1631,6390,577125,4801,45577,8325,62208,30,48
7116,5787,74374,3570719,12711,35882,34538,63222,27,74
9666,5882,31216,624718,14962,42438,21925,98743,50,80
5308,2302,20754,938563,10917,20519,10410,35747,48,87
815,984,3781,59135,2384,6464,9827,24127,51,78
6253,3486,9302,8656,10043,10174,16925,25144,64,67
975,667,1594,119733,3822,2946,3904,11678,75,60
5205,2372,23469,18485,7045,6369,20008,4860,78,61
2194,3940,9115,118557,6109,39739,20903,112930,70,61
1492,150,1034,331254,864,1522,959,4477,64,61
3776,1013,5613,183068,3284,14589,4744,31725,51,69
2574,950,9870,704550,5667,45052,7477,57938,37,67
1404,1718,3427,170862,3021,2550,3982,15235,51,66
8495,1923,14427,521021,11044,18503,22469,230541,38,54
3928,1233,15858,416936,7476,28539,9422,16204,44,63
22169,5744,21228,1126834,21756,30147,20361,244274,48,48
30148,14020,52781,582756,100621,13897,170529,228011,57,40
3718,1408,4462,858054,6891,7238,6089,30805,75,48
3507,2038,11552,931732,5474,15523,8259,70597,66,35
8079,3868,12622,94133,12077,5468,5914,23899,81,43
8363,3887,11792,36977,7878,12641,19489,18805,75,57
1239,785,3445,23908,3040,3659,2077,1827,81,70
2745,3353,10942,6677,5374,6239,9930,14031,91,90
2749,889,2194,128494,3781,5854,2952,16205,90,84
7065,3434,16387,615840,16654,2119,13129,40852,88,70
50513,5561,12799,689404,77349,56198,123714,410944,87,47
13582,3058,36099,1142496,21088,27079,43097,82411,84,43
7289,3094,3903,229347,9445,47848,8120,128611,67,48
4529,1865,17815,21805,12136,4945,9808,23784,74,64
3601,2625,4150,12328,8974,3994,4247,12332,84,61
5766,3540,20296,6379,9541,2473,4347,28789,84,63
2401,2179,9907,519513,8798,7842,9326,24110,100,64
5698,4060,10814,6614,15170,18847,13719,14957,100,69
4436,2858,8875,4104,7443,1507,10090,18981,96,67
72044,15150,133745,498234,191161,305317,171624,281568,100,70
1545,936,306,267978,2678,1918,2003,3164,100,66
11537,3353,174808,1538554,52795,78871,115473,256624,94,64
10696,8798,11075,381783,12863,30765,23915,73523,87,67
4928,916,16406,96196,16114,5863,20286,37367,87,57
2518,883,15887,679578,5896,29092,2895,44021,87,57
9559,1838,11984,53739,7096,42301,11531,47391,64,69
4388,2858,28863,1589885,17586,24155,26624,579189,51,47
1212,381,1087,35163,2108,15014,1116,23972,44,51
7345,5899,6969,8144,9926,14052,10953,5946,47,63
1391,626,908,156403,2720,2354,1635,4233,64,54
15844,5507,49694,590129,9423,4943,10811,78118,75,75
4137,3532,3228,23161,11585,5526,3844,10971,94,64
19817,3765,48703,428177,22135,5023,23027,78943,84,66
8797,5950,49116,294524,24677,19944,33066,228517,87,57
16605,3313,41042,794686,13612,26945,57770,75429,78,57
14177,4334,21429,310484,17909,35975,42934,153112,57,54
1113,1650,6107,48555,6167,3331,6224,32325,57,48
10776,840,29832,193147,18982,43510,15494,41710,64,63
6211,4561,21468,338891,12611,33658,18416,28094,69,69
6773,2710,20160,93880,10857,14222,10306,29767,77,80
2286,749,7873,64762,5529,4621,1700,17753,78,88
1093,872,4435,4000,2592,1273,3733,5576,83,81
5931,2177,3570,14258,13951,4629,4289,20788,94,66
6203,3446,5315,4425,8957,8487,4885,15568,100,61
928,1291,783,229180,4805,2483,4378,23704,100,43
5626,2183,19027,12829,11286,2295,6865,3230,100,50
874,767,1582,231625,6901,1064,3071,29653,100,37
606,94,1122,14811,716,2835,804,57052,66,16
3191,1253,10893,424957,10068,11977,11017,232813,50,16
2175,1236,3803,223019,5921,3301,4423,22409,40,1
4206,1183,3620,72192,3317,5635,1299,17506,34,20
14172,1947,5348,8686,15369,15693,7918,13034,70,43
1784,1551,190,114631,7337,948,4881,20101,88,51
927,917,8966,127850,2014,11535,6334,51987,56,48
345,228,1034,45317,3025,11332,3706,7072,60,56
10762,4859,17843,118331,10686,19036,15022,69180,61,50
10790,1639,36513,495141,9055,31900,21370,169458,38,75
8726,1726,22094,13368,13527,40470,29585,77728,51,80
11498,3604,19769,11847,11646,23624,17286,56338,48,74
11512,2595,19697,475243,21484,13794,16007,58727,56,70
10797,2237,9725,504076,33757,28747,13090,32671,84,75
7704,2155,18518,45406,15215,16292,12549,48399,91,74
996,362,1775,123965,1784,3790,2897,26524,78,67
5625,1920,18959,593100,15150,24419,9911,56281,64,69
3606,4185,10733,463405,13789,19969,29764,22657,67,67
7087,1288,11428,107332,16229,18220,11503,66571,70,60
3594,3217,17016,60567,15824,9738,11565,53646,87,67
8703,4902,15076,30327,21577,19167,14767,49192,91,66
6082,3172,19812,949626,14565,4132,23929,82270,87,57
5188,2100,2040,10662,15080,3729,12229,54072,90,41
10654,3964,7955,19688,13330,11899,8157,12956,96,47
5549,5542,22754,110057,11215,26431,7347,26335,90,57
9527,1485,4394,11272,10924,4939,14808,23162,97,57
5067,2390,9671,16047,8368,31110,21696,44051,88,78
12284,1984,11840,7040,17469,25904,19467,11518,88,83
7359,5532,37950,27133,16118,7458,15351,6938,97,83
477,129,1598,167563,601,973,279,9889,77,84
13806,3333,13504,19017,28298,41423,11132,18374,91,91
1831,816,3042,11603,1929,1581,1595,1249,91,93
8688,7512,17324,11748,24047,16544,5804,20728,93,88
9256,4866,4540,7998,6696,8425,13531,21404,100,90
8729,7549,11415,38731,14701,9280,9540,10374,100,84
9710,2824,32785,1333832,25128,50679,18407,46830,100,83
9001,4914,7739,684581,20076,16243,29524,32149,100,75
15882,1395,54444,174840,52379,25961,59280,135184,100,75
4244,962,7233,55059,4564,4255,15203,27040,90,66
5043,3577,6281,54618,18768,28597,20974,25585,94,60
4281,4773,22893,267167,13661,41411,32167,75869,81,66
61318,36869,103988,1196349,123298,319068,168505,515117,75,70
84081,52426,398773,2422268,390270,352529,539695,522276,84,80
137520,40632,139279,498666,670594,375506,449524,240714,91,75
14869,3024,80700,685432,120571,75186,130502,97635,100,74
12892,5616,9220,2423456,19431,31072,18474,55905,100,70
9462,6268,38127,679333,17538,129454,33051,85605,87,80
972,1412,3495,129766,4558,4382,3125,35496,66,70
1550,722,1587,217801,2748,3941,2599,10011,56,67
7506,4416,22655,14560,9947,9030,7759,24126,66,64
10780,4836,73879,79062,26351,49265,67134,81189,67,80
18749,1794,32550,949481,15993,109481,32312,74682,61,91
1329,811,1996,2100,3623,921,1471,10857,61,80
3984,4620,7042,163017,11807,52812,19524,121099,51,74
5332,2225,9534,6143,8245,6300,12240,16911,60,66
5623,3563,19001,2399,5649,10351,4486,14820,64,66
19689,6761,156825,432532,44935,30460,16426,371052,69,81
260,274,4186,770903,745,4605,1504,22503,69,81
5421,2419,6296,1762,10859,8840,11443,20500,69,80
36278,5339,47677,658797,50920,13830,278403,127513,77,57
3276,1894,63815,3493212,28364,35016,130384,29164,70,56
23999,4216,50362,519645,99675,125249,118600,459779,80,51
2833,2182,4447,599860,3661,6797,2901,7219,75,60
3193,4487,20583,2236043,11489,8570,15614,56520,67,67
1415,840,952,29155,1379,950,5936,4645,67,54
7950,4649,5413,17422,15091,2946,5491,14709,81,54
3071,818,4763,51393,5984,3346,843,49992,75,38
13907,2957,88556,170670,14061,39998,22402,68456,67,51
1104,2522,3793,37692,6104,2569,3637,10725,74,60
4401,7720,7184,11956,14352,5184,10116,36775,66,57
2051,551,4280,309496,4046,3249,5156,23675,67,61
