411,1498,8822,136581,1121,8282,2018,41985,0,0
1299,3017,15150,526576,4040,7661,2601,76168,0,0
1284,5467,9144,210116,3648,3124,9067,151277,0,0
5222,15154,69031,796050,11801,56864,22818,511552,0,0
13624,57826,206498,3484361,58717,178006,39469,1830446,41,47
14934,40763,112923,1638280,29422,58289,16292,919204,44,53
1522,2314,12279,587920,2735,2421,3396,40789,64,67
345,2507,3557,378025,697,6107,1255,26061,56,84
5345,5551,4925,647463,2339,11617,3975,116105,43,81
10897,27004,42619,1864834,10964,13025,49209,239226,53,81
792,951,897,46841,460,5324,903,15389,29,83
629,1037,6928,73071,2047,4896,1195,35046,56,80
4369,8113,8989,845101,4588,29180,3970,165727,64,87
2296,7534,9615,903249,1853,10329,3208,150022,34,81
3434,5724,13605,1309345,7493,81788,3898,69173,54,88
3001,7325,13573,1853297,7818,87322,17689,90820,54,93
3245,4115,1902,422517,4920,24977,6508,64543,81,93
8855,3660,24100,1462273,47268,42881,21716,232276,100,96
1660,2733,3521,415357,10676,14208,3136,167742,100,67
5834,4740,12890,228076,6361,1693,7835,57649,100,51
4390,4325,17869,972365,12043,4250,3558,137030,97,40
2713,3399,2883,552167,6250,2236,10859,148217,77,16
3027,2207,12788,528055,7959,17716,1460,41368,88,38
3297,2854,3899,274735,7341,3443,2237,71017,90,30
2122,1345,4776,299191,16087,7175,11956,139651,94,23
559,276,1586,67391,493,2671,1972,10534,91,53
17059,7834,40361,775470,15964,11619,40121,45661,96,50
3410,1377,4279,54260,6512,5665,6677,16999,100,64
2142,1582,3542,174871,9473,10099,10721,37916,100,78
23769,9465,17788,445785,27052,23988,16142,104348,100,75
28175,7849,12385,51728,16363,56983,20437,61354,100,80
2147,1420,4454,318847,2887,21580,15125,24686,100,87
975,448,994,297658,1601,9810,4369,17088,87,94
6968,3734,22655,533827,15422,33924,12733,29010,87,100
8391,6332,4333,34005,41052,40204,28286,26356,93,100
16115,4001,30304,13878,44236,13217,25929,27379,100,100
6382,2027,22113,48944,11876,22442,59641,73706,100,96
6960,3491,9891,20155,60272,8806,5851,30959,100,78
14854,1953,32568,7378,25716,8950,13872,37826,100,80
25192,7236,32491,19459,14888,8670,13028,52971,83,81
14618,2384,14429,18394,11201,25223,22935,74966,80,83
9079,5172,17669,271131,34795,14071,38066,103825,66,83
3671,1762,21714,6943,12495,24065,17539,51172,57,84
3413,2813,54651,66357,13786,7983,22729,45868,56,88
1716,1596,6887,29542,2451,1273,10913,9213,57,88
1655,917,3801,16277,5349,5069,4890,26980,54,90
9560,3905,19499,263051,11549,20456,12495,84852,50,84
5803,2225,20215,2908,14661,19093,15558,31109,54,83
10316,2101,10564,3570,13119,12157,22945,10931,63,87
7878,4448,19663,6204,20839,870,19433,17844,75,91
9415,3956,12923,5675,11841,16012,27526,27156,83,93
13174,2368,17255,10022,15436,5900,8648,39845,84,87
13777,5792,13111,16946,8014,15198,21974,54844,74,81
6634,1584,12501,45170,9589,19011,16339,18703,75,83
5118,1158,8537,88536,3743,4703,4694,42151,70,80
2381,1127,4423,133392,4925,9363,3443,80950,43,81
14177,1932,17374,1396915,7058,10056,21565,270846,24,56
8670,3319,65559,151962,26898,9052,15497,31915,37,70
8409,4762,4426,64379,20928,414,21126,5850,54,53
5740,2969,14091,2519,12911,7226,20727,25613,66,61
4365,4222,10445,26108,15320,14183,31380,14520,88,80
8289,2155,9885,4736,10145,4474,9304,12386,88,70
18303,2527,17063,29957,10450,8572,9350,33933,69,88
5701,3053,4798,3834,6979,37521,4407,10663,63,100
12187,2477,5750,10007,9152,18509,15559,29081,56,97
7818,2863,9938,3521,9448,37348,17287,20091,50,100
8606,5298,12173,5933,5555,13734,9054,11645,47,100
5122,2418,2019,22643,8686,26429,7917,9073,51,100
10654,7337,7806,3649,7634,11761,22482,16375,53,100
3281,2871,14260,3945,8758,10138,11258,9823,57,96
9467,1610,11366,15370,9108,5681,11513,25027,61,88
14207,3852,6081,5498,13973,18980,9980,12346,64,83
4037,5264,17243,74181,10130,25799,4339,25904,61,93
1939,1112,2014,4160,4003,968,1655,1396,70,87
3807,1837,9330,39709,18160,11007,16325,42676,75,83
2382,344,1852,55883,2150,7950,1020,7915,66,84
708,870,3637,4614,1403,1518,3030,8796,63,75
5575,4990,10380,2906,13505,17748,19665,21590,53,77
7864,1780,4516,7804,11066,3174,11780,18525,56,75
6134,3545,9937,6907,10610,8112,5968,19212,63,67
3301,2092,11398,8391,5251,34533,11276,39469,60,75
3198,887,4150,205080,1364,4377,3436,43110,41,64
1811,866,4686,208390,1747,7031,1041,20219,24,75
1196,517,1642,69380,3076,1594,8121,68088,10,50
6152,3800,18354,2071016,17454,4271,29499,380068,7,21
2229,1788,3089,153500,5001,11643,4043,38789,16,27
1202,1336,9597,125753,2786,3627,4558,65087,13,16
26539,6927,124974,1163486,125460,42808,87673,214603,29,40
4262,1120,38060,167861,8469,13917,18766,21376,38,69
2977,3833,10987,383253,11417,12218,26168,58998,41,67
1093,1117,594,86904,2266,3465,2988,13555,51,69
5843,2083,9260,16240,5339,13988,17387,36912,41,69
3393,1952,13005,9854,5612,5082,4397,15643,43,64
5991,1918,5229,3227,11468,7456,6453,16052,51,67
13846,2321,14991,9612,6898,29092,3636,17580,50,88
7448,2769,4810,17746,7182,4441,8237,57777,51,78
1992,1937,16727,14844,6106,10406,10928,11121,51,81
4638,2640,16922,764,14551,950,15155,11771,53,83
3317,9222,8531,6462,16441,6828,8868,27054,64,66
820,520,1434,178805,2377,7418,1782,19095,63,77
3277,2470,5381,9338,7121,2444,7146,39320,63,57
4871,2282,9139,4534,11284,5186,24033,24807,57,51
8911,1485,11679,3535,6009,8677,5749,24485,50,57
2820,3244,6276,8972,12974,3506,4468,9410,64,56
5802,1275,3007,5856,14409,2880,15694,13299,78,56
4409,2257,7550,19714,5142,9013,12771,9845,75,66
6477,3477,11937,9334,7931,13318,10857,18799,78,67
6785,1852,4092,15089,8485,7031,9922,17948,70,66
6751,2396,8861,6549,6992,4492,8303,18061,61,78
4871,881,9525,16166,9892,3179,9482,10581,67,74
5332,2121,14205,6709,3254,6590,6324,20533,60,74
6168,2464,6475,4935,5853,13954,2493,5963,57,90
2533,1696,8249,27753,6942,7222,13247,21899,56,90
363,113,1803,67706,448,2740,2762,2892,29,67
1296,547,3896,34663,3110,2600,2075,21007,29,61
879,931,2047,168923,2099,7568,2143,7512,35,63
6670,2331,8212,6882,9701,11152,4165,9824,51,70
5557,3960,16988,14042,8842,8865,3945,6935,56,93
12309,2930,14198,21265,11944,3635,6271,36146,60,94
4949,2280,41586,26214,7738,6891,5371,23744,60,100
2899,2829,6377,12564,4783,13447,18245,6479,56,96
4425,2303,11079,26444,10225,8163,16939,10804,57,88
782,643,2584,6052,1854,4021,1831,5974,54,94
2229,5610,7646,11420,8975,1562,8268,18442,63,78
9858,2633,13043,17099,11713,4093,8985,9862,69,77
3832,3759,9264,10565,5685,31389,7373,9655,61,90
5295,1264,2085,4040,8545,3439,8376,29266,66,70
4693,1513,10054,5957,6810,16366,7447,8022,61,87
4652,2616,2728,3490,5054,4028,7123,16952,56,78
2391,3022,9646,15624,5651,9572,4717,11984,60,70
2371,1444,12069,15198,5390,1425,3535,22731,54,84
7882,4174,13936,42221,7401,23078,7835,9783,53,88
7027,1930,5090,4187,7741,7125,13535,10302,57,91
2817,3181,7638,4964,10554,15300,6270,12095,63,90
3770,1714,9249,3381,3287,9095,5339,8752,60,97
5094,2098,18999,15985,8265,3130,8501,9143,64,93
5312,2017,16071,15994,5345,7849,6280,4941,57,100
1198,1068,1613,2106,2806,771,1293,4277,60,94
3070,2088,14274,1641,14859,2820,3207,11191,74,90
3388,1817,3334,5619,3132,6578,5046,5433,70,88
3430,2271,13702,5871,12991,2016,5747,14937,78,78
1307,1906,9204,9384,4786,7816,6364,8330,74,90
8217,2451,16109,6505,11363,5173,8323,4589,70,94
2143,2370,7010,3093,5737,3215,8419,15429,70,87
4620,721,12462,14152,10221,5560,16829,11634,69,84
3192,2590,12614,9121,5579,18497,7198,5123,67,91
5119,3815,3125,4220,10623,13264,2815,13279,66,87
3220,4350,8001,3815,7441,9016,6132,22544,64,90
3410,2581,11474,235115,16379,25664,10232,49638,60,91
2656,3856,12860,12186,7108,4098,7999,6542,64,83
2857,2512,2755,9997,7810,11787,6575,7211,64,84
3779,1628,4405,16676,7772,11481,11341,20355,64,84
5387,2056,6889,7314,3707,10574,3236,13168,61,91
2987,3033,22497,23123,8149,2985,4560,15345,57,91
3543,1493,2960,3241,16461,14771,8248,18806,60,87
3478,2079,6563,4899,12870,4425,2287,24634,64,81
2142,2776,14340,4522,10803,20331,8274,7850,69,87
4197,2374,1686,9094,4922,18375,7641,16968,66,81
4767,4079,2255,7359,6592,13818,7910,18592,56,81
3026,3965,10116,6427,6117,10436,3578,7590,53,94
3516,4354,23430,24661,10904,23932,2852,9393,50,100
4238,2616,6425,2912,3557,21546,11003,9486,48,100
3555,2301,9479,35409,6553,8166,4274,56541,41,97
2386,3879,5770,4091,10551,16999,5177,34875,40,90
4479,4069,10698,4353,9692,3144,13314,11419,44,70
3399,1430,6293,6097,6062,15756,7441,17971,50,64
1065,603,2981,64225,2896,5131,2278,13813,54,70
5578,666,24356,1639681,9441,96183,14630,452385,34,64
6607,1585,24431,1403487,9287,2137,21381,150491,16,53
5547,3355,6862,8624,9353,5421,9771,31030,20,43
3577,4271,5316,11462,9866,16564,17535,18494,26,43
2427,1647,4118,11484,7177,4306,9841,36708,47,40
1847,373,3894,11782,2737,915,2563,2950,61,53
4091,5706,1443,59686,7738,11036,9995,19428,63,57
1039,537,5053,17250,1415,1691,5560,6839,54,57
4864,2526,10124,16460,9862,3320,10006,19810,60,66
3427,1758,9479,15030,5395,2610,9776,25334,51,60
2913,3482,11560,7895,9406,10602,6502,17671,51,66
2782,3952,7107,4078,12697,5432,13468,10212,66,63
5320,3999,6502,4770,15120,11752,2612,8376,70,69
4709,1830,17546,5115,6086,11805,4845,25001,69,81
3651,4760,8939,15962,10864,5899,7097,9026,75,80
6060,3655,3695,2181,11109,2662,5281,13045,75,75
5563,1382,1979,3922,8888,18137,6330,2767,70,80
1348,645,1718,6151,1595,3342,1650,5694,75,75
3423,5066,24673,11888,5444,5981,18149,11303,63,80
3438,2970,11414,10781,11689,8969,11005,4984,63,91
3260,2311,3687,11164,10266,8623,11818,21819,60,78
3977,1490,10798,25665,6551,3685,3153,8341,64,83
2878,3357,2030,11584,10458,13793,15233,12980,75,75
4128,4466,6478,2513,4567,3371,12618,16401,66,66
259,144,1990,25926,507,898,779,22721,41,56
3872,3898,14107,1056443,12724,46197,13239,86063,30,51
4339,3821,5409,5705,8605,17191,11971,25263,26,54
3936,3257,1232,5024,7375,4375,5371,11406,35,51
4130,2452,4465,6587,5422,2656,3082,12930,57,61
7986,2337,2252,4447,4771,4010,11899,13344,66,51
4852,2913,17808,47921,5550,15571,7617,15299,63,61
2955,458,3178,3205,2355,1558,1425,7830,54,67
3110,1426,5173,12467,3702,7404,2095,10149,51,78
1257,456,792,110586,2817,727,2376,10524,51,67
4833,2912,2491,9963,10901,10867,7213,13912,61,56
1708,2906,10497,49977,8457,15664,2834,5906,64,69
812,569,2017,15734,1643,4266,3014,7250,61,64
1952,5286,10771,12527,15844,10201,9559,7924,67,84
3874,3196,2511,970,8983,4333,9498,17037,67,78
4602,2338,14350,4992,8728,5833,3544,11355,67,70
2462,639,3404,18277,1177,884,1525,7183,64,67
4144,3003,4144,28350,5162,14942,18301,12606,64,90
2637,2430,3371,21136,8500,19311,7998,17801,61,93
881,357,1711,18153,2865,2091,3952,6412,63,69
1637,492,6118,42940,2873,9320,3384,16983,54,69
4589,1984,5043,2919,13941,10992,8292,16778,56,74
2307,3353,16738,19286,9294,10977,3822,12572,60,78
2811,1626,16203,716719,14435,26980,29050,126070,50,77
1917,4328,3851,71911,7617,28309,14042,24847,53,77
5511,1023,2714,23426,4756,14407,6132,13520,47,83
4893,2700,13580,2306,6500,3079,6384,9217,47,80
6295,1579,4924,17267,5601,25261,11051,7178,50,97
1987,4819,8950,8988,10110,9069,8032,7644,57,97
1520,2550,2850,7380,4820,9089,6053,5162,63,96
4619,3081,2198,10657,18172,16094,6295,22734,67,88
1486,778,5854,196829,1807,262,1247,56419,53,60
5702,1070,5275,25448,8816,10195,10050,28967,48,53
7939,2988,9294,22340,12696,6699,11688,11756,53,50
9986,2453,9780,294962,6960,2453,9820,25146,44,47
7452,3576,20770,26762,5959,13297,8285,57950,51,63
6934,5198,7922,36801,9092,4928,10895,24164,53,61
4466,5070,10920,13197,9944,5923,7368,4161,53,67
6933,19197,21367,195728,10060,79108,35315,67113,43,80
2836,6062,15208,807928,4215,29591,23084,174639,0,0
972,321,4045,669221,3193,2281,3812,35742,0,0
8484,3321,73405,1679710,77892,64678,56087,464612,0,0
418,124,1960,231869,1650,1856,6572,10473,51,47
171,51,227,96360,792,730,646,7627,61,27
1082,1170,9279,155984,5736,23368,2995,279312,11,61
1134,747,27283,542142,8027,25967,7299,162803,16,53
5168,1994,90699,2897051,31140,124465,29097,512557,37,90
1022,355,8394,179497,3664,2499,5876,28781,41,84
1933,1794,47335,341288,21615,39356,40628,441661,50,90
1644,1333,3316,193623,3316,25106,9509,107374,43,84
2334,1446,9577,583686,3260,17487,12378,108772,17,83
1849,1090,22151,44902,3629,8824,2198,154694,11,84
9951,3498,64729,733100,37536,128814,43907,135663,44,88
11021,2475,20126,1026911,12647,74948,26679,154913,54,96
5024,3523,5341,1325248,9260,180015,15203,312009,53,100
1392,913,6726,153619,6124,7086,18125,26860,61,100
3730,836,4546,111999,3664,10388,6234,57475,51,83
672,188,3961,440762,4293,11988,2827,116037,47,63
1524,1030,30167,1345654,14323,17905,32336,164745,61,50
5957,2370,54569,1762694,50780,112970,42193,176394,61,61
1619,792,7435,112510,5125,5526,11384,71299,64,56
3201,490,2798,237735,6563,16676,6891,69871,75,64
2132,967,20415,220985,1557,58405,3073,100550,50,83
411,165,3802,121824,974,910,1713,27795,30,64
824,664,1961,40047,1657,4352,2755,42381,24,63
1678,841,5199,34335,2194,1330,1535,59450,14,51
4001,1835,17710,1338129,11525,12270,19191,202383,35,24
444,295,1222,100053,1106,3576,3060,9115,47,38
2057,799,2697,106660,1718,1022,4835,27008,51,34
2310,613,5382,121325,4566,4758,5396,11841,74,56
1977,768,26675,755442,3042,24544,6096,63881,64,80
11902,2178,49450,1803664,15913,36763,54497,500904,53,66
1808,1974,15175,1772525,6040,3896,9472,52717,57,80
1437,560,4945,818589,1873,7042,2125,36049,38,75
5714,2720,14240,371410,8268,35642,23765,123256,48,63
389,231,7666,1472365,1400,4843,11742,14161,48,63
2091,1297,33805,834502,5093,69087,15409,147443,43,83
8653,1915,14650,1761145,12164,72518,49962,372746,27,78
6150,2277,19585,206448,8080,24264,6946,68059,35,84
684,266,9512,397950,1792,5688,10700,27139,34,88
1353,1231,7153,717594,6847,19762,11616,27593,56,88
13926,10107,43155,1656010,41674,174548,82774,455354,66,97
593,209,3923,1274471,1573,7416,1678,1930,74,100
3819,1745,39854,941812,31487,64721,12217,124570,88,100
3664,2491,136710,1838552,21256,85235,15340,794080,66,87
730,732,5799,56626,2936,5756,2384,61388,61,69
1365,473,5290,93409,1320,6793,5230,7373,54,60
3195,2020,25470,749211,8706,30604,9817,29482,50,67
6029,6570,34781,238399,16886,97213,22549,132665,63,80
3346,2057,41240,139884,16255,8945,18779,36825,81,96
725,375,3847,462161,1903,10100,2698,21939,78,91
3269,2046,5336,207338,4107,4279,9057,28920,80,74
6320,1179,11006,35883,9660,14025,12792,41325,90,64
1093,1287,23029,587268,7696,6815,19717,78912,78,54
1610,310,2018,70137,4310,2876,6868,52585,81,34
2312,934,5848,154005,5018,8558,5842,24402,83,40
960,540,3448,40091,2297,16508,7288,55618,64,38
3738,7497,19283,646008,22348,3103,16000,54130,80,35
674,418,6832,237762,3984,15287,5293,81094,74,47
2669,1040,37760,449717,13275,45332,15733,324603,56,41
3694,1601,28350,3014712,12634,58990,26418,77722,67,50
2325,3433,23610,276201,13638,55407,7990,72603,53,64
3898,1640,72422,2043288,15040,159923,21413,272404,50,78
1936,396,18822,699993,5673,21128,10727,118521,51,78
4567,4800,16283,1295195,13225,88532,2927,56501,53,87
3684,2079,25213,569047,15398,23139,23131,288188,47,66
1680,749,722,135780,2007,7909,5640,73450,43,47
1055,328,31824,92807,5179,4768,12271,51108,50,53
2160,1304,18914,286126,4975,16836,6453,19603,51,50
1144,967,9349,162993,4414,11122,5745,39661,56,61
4542,1675,13701,134226,9001,24118,9017,63783,70,77
1188,308,7242,187336,3540,13779,6438,75964,64,69
3495,1507,64554,570193,18613,149396,11216,426194,53,60
1624,366,17251,576685,2514,3659,5336,22894,50,66
9689,5352,5513,423166,10610,40886,14016,102215,47,63
866,836,7815,125041,6119,6898,12140,83669,51,56
5840,4831,16466,863392,9217,19930,13102,53290,67,56
816,384,918,73854,2854,9112,2362,62141,63,38
823,1044,8479,184481,4339,21832,7852,32527,63,47
3902,2666,15457,146562,9289,14824,8175,153896,63,48
660,341,2620,41115,3334,10960,1391,32069,56,47
602,195,451,141051,1501,12502,1885,9035,63,67
446,846,9154,229315,1428,14562,8497,109574,40,53
3243,997,7961,60764,6283,7321,2791,17170,56,66
773,409,1586,32041,3314,5701,5489,50533,51,54
2584,4579,10838,20686,4797,19663,9396,37903,51,50
2747,363,11160,391478,1792,9485,13766,67479,61,53
2222,1536,19468,97826,3391,6450,8534,130956,35,40
624,355,6497,752316,1122,6521,3530,25102,35,40
3338,460,11839,340873,8120,39243,5762,112438,35,51
264,168,4073,75114,807,3447,3401,28136,21,41
970,913,10117,107213,2456,17236,7168,61550,24,44
1076,1080,3341,28585,4445,6330,4815,24983,44,50
713,856,2681,19151,1754,5209,2083,40671,41,43
1592,319,3722,180618,3610,3186,3094,20100,63,43
6258,2349,31939,2686106,26255,79591,34388,1017829,60,27
1237,400,6743,265104,3100,20880,9401,308892,27,16
344,503,5551,932624,2340,14784,6977,14057,37,34
6761,2897,7360,397870,13473,17353,17951,116615,30,27
3776,1851,10216,205499,7888,23248,15273,345449,30,27
339,138,2004,18150,909,2206,906,2734,64,54
1132,1507,14158,713576,3513,37594,5174,129993,48,44
7405,4036,59270,1309022,13928,39593,25698,173357,40,56
836,1352,6616,35163,2463,8200,8907,30501,51,70
9170,2940,47796,1314746,10943,53316,7496,173702,35,64
4977,2341,7234,405399,9734,2620,12821,12092,67,61
3284,411,4689,136517,6694,15892,9556,78514,67,53
2276,396,5348,122915,1465,11553,4424,20723,61,54
9323,4378,9910,319537,7063,34472,5527,311215,27,48
5333,7255,47920,2262454,16164,137066,17662,126274,24,64
749,1581,8299,486187,4492,12946,5828,149884,20,56
3779,969,12916,81446,10173,79009,3189,159956,20,53
1171,602,4603,678327,2492,6801,4788,62496,54,41
8836,1385,24163,157471,10844,21119,7391,63684,54,47
470,235,3948,57562,2465,7020,2389,43993,54,44
1202,559,9875,87148,2505,5142,2850,44540,38,47
3783,1953,76064,201948,27295,85656,24373,219991,47,60
15523,11546,91939,2106318,44281,114372,30560,1059361,37,47
5383,2767,30660,2170669,13877,35658,26458,512685,29,40
537,213,5184,131318,4219,10841,1634,18028,41,50
7521,2568,16395,217831,26308,22228,13821,38740,56,48
383,279,3082,515902,1351,7316,3692,20427,57,57
2408,472,4600,86001,1552,16909,6577,33069,60,74
1952,1057,39870,1303292,10108,10585,4103,218105,47,60
1048,1791,4785,90142,2678,9802,2743,21163,30,61
1154,340,14345,569501,6408,16383,3229,25208,41,69
5755,1573,23243,396825,4967,16171,11135,60651,48,69
2151,708,3836,87624,3650,8050,4632,40623,56,70
5838,2046,19448,708242,19281,19035,3980,189741,57,57
1235,568,5457,10988,2570,2857,2733,11289,60,51
2668,2188,5676,309389,9005,8065,24326,236027,54,26
4983,3738,27533,1280741,8791,17309,16067,153590,50,26
4984,3030,18552,995738,9348,24500,10948,78739,50,37
2136,2069,65258,216145,12523,86804,10369,109428,38,44
1164,374,1139,130158,2604,23149,4471,40957,40,69
1368,536,8148,59922,1325,16314,2885,59416,29,75
6321,2690,29971,124476,10428,14994,10497,34498,35,81
817,805,12242,635243,8326,29112,2370,72127,40,70
1433,601,2707,381407,2806,12277,5349,50321,40,64
1150,503,9507,119140,1972,33497,9784,67544,41,69
800,430,2169,117642,2128,15126,4602,51604,26,57
1844,1258,15532,567241,2453,23939,4031,26482,17,67
1752,1075,17032,377084,11124,26014,24093,133545,21,67
3158,2914,21232,316369,13180,103962,17085,220696,29,66
8939,2058,38268,1945955,25742,91653,21637,497383,30,63
2635,682,8042,80495,4280,31931,4387,58130,53,56
916,196,7256,82651,1612,4494,1485,20099,41,63
605,476,14861,152333,2242,17261,8056,71637,38,60
13924,3086,20011,1429281,22237,113079,30114,536405,27,53
958,527,18857,67098,2757,13289,3559,78683,17,57
1683,839,1664,139692,2175,11283,5066,63139,11,47
1601,985,6719,546150,1939,31513,6436,113893,7,44
1350,642,17634,203989,7221,15829,5963,119557,11,44
1356,1960,11408,73153,5481,9656,1944,116428,16,35
5649,1736,18131,611290,16749,51815,16823,113255,30,47
3184,3219,56631,441637,7513,24346,15600,55728,47,57
14481,7450,51331,516475,37801,78747,94335,470116,50,56
744,582,4388,60587,1190,4333,2112,13324,54,67
6477,2330,26711,646634,12013,32612,14666,181264,47,63
644,260,4820,20960,1608,5443,4800,30436,43,50
1043,806,2650,50183,2168,10197,5250,24744,43,56
3678,1933,23860,269114,18107,15617,11420,61836,54,54
1227,1552,25197,125180,7602,14377,6474,12678,67,70
1797,1971,31757,158274,3947,16051,8261,123432,61,74
1337,602,20075,634592,14010,13768,36854,88795,69,67
2785,790,27287,1339578,12670,29666,8165,36374,66,78
304,124,397,93305,510,3028,1065,4050,57,69
3147,2220,31595,772858,15289,4609,17157,194612,67,61
260,114,738,29679,696,1138,580,6664,63,61
5108,3827,19797,592756,13789,104097,55565,132006,53,56
1541,1162,37046,44480,6006,9711,11220,33077,53,60
2129,460,3265,63862,1922,21773,5858,60204,43,67
3627,2528,11314,371095,5777,24607,7985,36818,44,80
4628,2087,39387,2660738,9746,46342,7756,343061,35,69
565,419,2427,104938,2046,12686,3024,86791,21,50
445,367,16423,146574,1630,2232,3800,86225,16,44
1304,844,2630,300367,1008,15864,6009,75331,1,34
1467,465,1938,94136,1870,9010,4772,27253,3,35
2252,591,4097,21121,1983,10637,652,12691,16,54
5566,5265,4410,815038,22678,39520,11588,159285,38,56
6750,1401,17317,347764,7016,27619,15571,70450,56,63
7029,4587,28770,570878,10576,14105,10883,260174,53,56
1489,759,4993,188583,1838,45133,1024,27065,41,61
1106,665,13623,221897,1894,7667,6098,43218,26,67
899,488,1545,94963,1515,20704,6947,96597,8,60
1856,857,3467,58830,2979,9844,3058,45012,13,64
1202,508,1754,295228,2024,1176,1001,5304,37,48
8391,5535,14974,11756,14690,15059,4702,20597,63,54
6796,1427,47541,1621797,13863,22782,38136,167165,80,60
5832,2761,17258,2157683,19679,27005,23579,184808,87,56
617,470,10795,260422,2265,25060,11295,59066,61,61
11146,5658,322569,1231084,30198,160236,36618,197083,47,67
966,637,9720,592785,3126,17635,12168,21590,48,66
10328,1965,23085,452735,12399,5778,24434,56421,66,74
7578,818,16719,481675,15815,25104,3536,97942,66,80
867,694,6462,147378,1721,7290,5445,60165,57,56
1615,446,16701,126586,2387,4801,3030,54081,50,48
2470,651,4763,202347,3298,1115,9130,73211,35,30
1438,705,4315,19284,2851,13984,2612,49231,23,29
3676,1298,1648,278315,3918,22807,13414,85770,29,34
1274,369,2083,96867,4188,619,3405,39612,41,13
4960,2986,72861,1688441,6571,86934,14287,273018,21,38
602,652,6004,108414,4359,3951,12654,27855,35,38
855,576,618,69321,3424,5790,2540,22508,35,53
2574,1187,10687,68657,10471,25894,8074,99131,51,50
3229,531,20572,1497269,13692,15676,17706,93126,74,41
5399,2805,14482,491443,22754,4555,16398,97025,78,37
965,561,9214,301646,8248,18219,2455,17840,83,51
571,748,12799,105839,3448,5358,5571,29587,83,56
3142,1249,8709,80995,3131,4693,18305,10814,87,61
1236,534,2078,117842,5663,14119,11472,15476,87,77
2556,1555,2289,132127,2870,7689,13756,34114,75,57
1891,998,6479,64301,3156,5487,5361,22562,77,54
1197,1068,5806,76169,6269,10019,16166,107427,64,41
2218,1035,12658,808509,3114,19009,6805,177473,38,29
572,497,1995,1550317,3579,9785,2758,38132,38,35
3735,1364,9790,376591,26726,27425,2891,168018,43,27
22222,5506,56251,1716025,37256,73417,34265,134435,54,44
9383,4068,19659,1720886,16387,4264,27124,124087,77,43
12064,6010,36391,256619,20261,10725,50261,92914,84,43
3066,553,6461,183419,3173,10561,5388,60602,70,47
3235,4068,12328,1033305,14023,83355,19968,82512,64,48
2121,1582,14219,319118,5880,10337,15725,110943,53,51
956,1289,13548,1187500,5172,2602,5954,109928,40,41
1018,202,6611,1637589,2128,10606,6929,22829,44,50
1096,1475,6849,972485,4396,67055,8030,76507,34,51
3309,2224,25402,184084,21970,30230,18705,287976,38,51
991,890,10945,247269,2248,5649,3288,67468,34,57
1420,1911,9141,100184,9575,8932,4823,32960,47,54
358,177,1994,124512,1638,1825,2625,32268,51,30
6979,1637,10902,156260,19948,51984,5218,62033,61,48
1185,310,16906,109194,3993,8813,2098,59816,61,53
3160,1815,5796,57764,10259,30854,7906,55893,70,69
2250,308,5166,136932,2342,8949,7812,55609,51,48
4588,1172,20830,583590,4714,25661,11677,88758,48,50
14303,3935,96033,1080562,16297,87506,33963,410513,21,41
3027,716,22716,824871,10708,24583,13935,124938,27,41
3722,2053,16849,2210342,29171,84173,21938,576150,43,48
567,316,9600,1872354,3753,2688,2484,29184,56,48
1061,982,49592,1150975,10634,62806,6059,111245,53,60
1602,1301,7041,657851,5470,21651,4524,24133,54,66
9355,2533,50751,655075,9457,73897,27998,261715,50,77
2189,461,4236,665595,7114,8294,11130,91254,47,64
7223,4252,19235,182966,16793,16260,23055,28243,51,40
2522,2540,50073,321280,9536,40099,25093,75499,51,44
1750,450,8330,143296,2527,17165,6414,64030,51,54
3399,5066,11586,672684,4899,3231,12550,106475,29,38
2651,2075,12640,298050,12153,16333,22107,156093,38,44
892,838,2268,1399228,1946,4857,5954,48655,34,24
1569,2645,13469,1997426,7651,6473,5800,32201,51,26
796,946,9721,238555,2303,3283,5689,134307,41,23
3070,1911,67935,342513,16036,11111,23114,238062,38,27
960,1680,2811,390374,3615,3292,6198,18215,54,35
9735,6283,88745,1988720,42138,210820,81484,908075,38,29
941,443,7879,858743,3636,15609,7972,30361,54,50
2518,1418,7108,779859,6277,24819,11712,45374,60,56
377,413,6184,415724,1946,2532,3151,32506,47,57
7341,952,33128,266252,17926,22878,31270,199071,54,53
2047,554,7839,571499,3011,16190,5241,28499,53,56
2981,1070,36228,667445,5264,71038,3669,275405,34,53
1289,1113,25311,520508,4459,40223,7455,65769,27,66
385,179,979,80838,328,2097,2000,17216,13,64
3333,988,34195,823088,8041,155369,24482,81770,7,75
684,605,10992,964690,5598,18094,4197,44684,23,78
112,90,1521,270575,535,1923,3738,6571,23,78
3984,1595,61264,2063888,16609,11813,17192,222986,23,78
926,694,14555,1209851,11329,7626,5556,49044,41,67
2785,1051,28014,1586842,3735,22273,21566,81065,44,80
23449,24412,98806,1327565,20512,102167,26491,449995,0,0
16945,11290,6301,69655,5208,10620,16468,82820,0,0
8255,2556,33502,364733,26356,38304,5918,85619,0,0
2662,564,1305,13134,1842,4198,1454,13851,44,40
6420,4664,17659,45020,11365,14679,12011,31517,57,53
3696,6600,49147,115294,7942,125806,11685,81375,50,77
8916,6542,21425,982271,16112,24277,16809,84676,57,78
9293,7204,11345,60398,6145,19926,18741,19440,61,91
8755,1970,11611,61130,11600,3394,11789,20456,69,78
6556,8632,46452,63343,9572,91786,31271,170112,69,66
975,237,1105,33417,2421,7041,3774,8540,70,70
12966,4729,17835,49532,12293,10971,9250,74237,70,57
7878,2501,14120,11910,8674,3337,10490,39696,63,56
1821,1540,2202,160719,4847,11791,1739,11355,87,57
667,379,3508,234397,1300,5910,3199,10397,78,60
13097,3687,26837,497073,20722,20909,27198,151898,75,54
3484,2366,9920,1074115,19188,12352,11021,48423,66,30
6612,2599,33227,993840,14840,21699,17639,111624,69,23
15735,3713,40273,454283,30507,36287,39438,373670,63,20
5074,2820,39056,612238,34603,42835,30499,193561,74,27
24667,6386,7461,18670,14899,19391,18232,36754,70,34
11081,13452,19512,26436,4901,18380,6041,9736,75,53
946,619,4979,140371,3750,14603,4883,24632,78,69
9173,2265,29137,203601,9410,18514,7987,72759,70,75
16036,5033,11345,190909,14395,42053,19487,121952,57,74
9925,5114,12939,105526,11711,1552,14873,11770,75,51
17376,6844,70943,245551,8005,14521,16329,11130,74,67
8242,4641,47126,48032,9193,29216,26682,22968,69,78
8273,8002,12832,18793,20595,49424,46289,97203,54,77
12997,3307,27037,471091,38044,15357,15148,193401,63,41
9802,5830,14082,735975,25782,24870,53529,422273,60,24
4694,8292,39981,515326,31716,40189,55858,87227,69,13
8796,1054,16695,111137,14742,31441,13063,168827,60,8
4022,807,6504,251212,5950,5543,3791,39274,56,14
6007,5363,42714,1392008,13413,19056,25755,152944,57,35
3959,1182,5511,158923,5822,14803,11510,81606,43,23
13832,14198,14893,1306163,27411,127798,18095,254279,43,30
2291,232,2324,709618,5756,3318,1481,11212,56,35
19950,5754,14066,47577,7484,10547,10650,8398,96,50
4829,3201,6878,255934,12443,13625,5347,355861,88,27
4899,5088,14476,59330,14469,20359,10145,30876,53,37
11220,4441,14456,37885,33251,11817,28531,125117,77,44
459,695,3384,75639,1075,5242,3764,13140,81,48
2029,2136,3327,9967,3156,2682,2756,4634,84,53
11556,2654,10008,25727,4948,14090,9122,29781,74,51
3454,3371,6329,4065,12724,13835,11219,19577,78,64
1304,1453,3746,343929,3427,3198,3336,32748,84,53
1657,879,5432,284098,3988,22547,4473,23384,67,57
6553,3527,15767,80704,5436,14035,15990,52265,64,54
15453,4875,27953,249496,18976,52491,13144,64841,53,61
2286,1314,3798,126149,1736,13945,4127,9033,48,83
9068,6455,29641,63836,14106,4747,5892,40001,57,80
9538,3210,2101,22820,17550,39440,3834,8466,80,94
8338,1779,8820,59697,8705,53831,9704,23540,77,100
7183,6893,4222,14976,9220,19018,6570,12730,94,96
2328,1272,4877,208137,2644,6736,8339,26179,83,90
8001,3440,30376,91712,6575,24039,15838,28532,63,87
2505,1225,3087,55381,3952,3421,3756,5502,81,63
7571,3140,15612,108734,23706,12576,4967,20462,100,70
7838,3634,10034,106764,16621,48081,7230,19712,100,75
1921,1080,3296,71144,4322,2793,1893,26097,100,66
8061,3585,3231,33009,6900,18084,27258,47362,87,60
9753,2309,10452,1506837,42272,80333,63541,70560,56,50
825,483,4576,931990,1812,11551,3122,39836,56,50
8790,4422,18907,459140,22753,88004,50173,175629,53,54
2921,416,8144,848932,5690,2549,7115,48242,66,51
5394,2530,21947,732531,12997,25977,37950,102257,50,40
3707,1343,7213,1194047,5096,15103,9644,45084,44,40
12723,2922,16251,37203,16697,61392,8684,76054,48,48
11380,2525,35315,13225,11554,35141,15670,42195,50,67
11244,8985,26550,20449,9269,8797,9726,23883,57,80
4787,3197,23177,47666,9734,256,5532,15928,74,87
8434,8856,13688,24855,8940,8892,8110,21261,81,84
13848,4342,21061,84559,14935,21404,32310,45900,88,75
1612,2108,3816,1825,4144,2964,812,5118,97,74
6459,3739,7455,15167,9919,4116,8791,5810,100,69
1775,651,4214,56037,3136,1867,4294,18497,100,57
14850,2176,4840,60767,14492,8186,15835,37538,100,48
2420,737,2995,12482,2646,3907,4443,18641,91,37
7174,5772,6949,24106,12835,10050,15626,15993,87,35
7970,7077,27581,4313,11221,11172,26553,30882,88,43
7251,2689,9343,3217,13554,10359,11203,37483,87,50
6770,4771,2846,27521,8163,6556,7549,5156,100,56
1011,1843,5151,94337,919,4767,2552,35550,70,50
7131,2384,8271,28520,7874,6447,16331,2506,84,50
3402,378,6763,19659,2177,3260,3868,6566,77,61
1246,875,1947,95033,2872,3910,3225,18007,60,54
13034,4754,23877,33654,14460,13350,12262,29550,88,66
8156,3728,4130,46792,24508,2747,8049,10715,88,53
7146,5462,7581,24721,16442,13710,8340,16307,96,48
1627,959,2911,267108,2315,1985,1040,27253,87,43
5104,2404,12455,24098,14427,8386,4374,20079,87,40
5812,3976,7212,14930,9628,1082,2355,6166,70,54
6294,2086,5422,40303,11522,14051,5955,48286,63,40
3236,3526,1167,6412,6814,2527,7365,10780,70,23
4134,3202,1806,12040,6323,12924,8376,11478,63,24
2726,748,3843,79450,5588,3450,3713,15101,75,40
637,523,1576,197266,1723,4360,1783,20280,66,40
5349,1150,5243,10042,8468,6622,18597,23642,60,44
2263,683,5061,18194,1769,1577,3012,8183,53,43
3575,1394,2350,9895,3948,1131,1311,2098,63,47
5032,4789,4106,32898,11129,13447,3679,7908,81,60
1793,630,6567,6973,3259,8047,2403,2108,78,83
8881,8085,5295,34778,18591,10428,11574,12255,94,80
1800,1788,1113,69994,2732,10975,998,22429,74,80
9212,4346,33908,57417,8975,11025,2716,86239,54,75
1011,1741,1445,26304,3226,3581,940,16745,53,51
7150,4386,8177,25149,15455,10709,4361,16294,48,54
5353,5336,26595,26855,6641,9667,3797,36746,50,60
7891,8207,16273,14501,9743,5680,6271,7085,66,67
4045,2258,1640,42331,6828,892,4778,10925,78,60
6045,7495,7462,111709,16536,10667,9293,66312,69,48
5429,7232,3710,7910,8882,1640,5785,4886,93,35
967,1216,673,97299,8900,878,537,7534,100,8
2285,505,2688,15993,4068,5083,1326,4189,100,30
2088,814,5267,55220,4588,4791,1651,10447,100,43
15508,3514,6791,51327,12909,13420,16820,22084,90,48
2441,2632,1851,16980,4637,12202,2515,14040,74,70
1544,1914,4481,58719,2442,4597,2094,22445,57,60
7371,5270,10446,130388,27291,8724,8928,87332,60,44
8558,3627,13468,13354,11007,2277,9535,21273,57,44
9710,3957,2977,27065,14579,9188,6405,12197,70,38
11943,5218,6487,25978,16046,3045,4791,8162,94,38
1244,1048,1954,58053,2603,2658,1717,10486,91,47
1133,2197,1356,110955,4827,9915,3319,46632,80,40
4544,1090,4441,65786,8151,6463,5790,17630,74,40
7847,7626,17918,42025,5083,10688,2405,28948,50,50
10922,2069,4673,30402,11563,21832,18111,12102,54,56
7690,7357,5166,108216,15268,28306,20627,137771,54,56
16060,14034,19437,480813,25733,46574,86279,208864,43,53
3067,1383,13847,487935,11509,21891,19387,44332,50,47
1079,338,4006,464196,2669,972,1201,12585,43,38
8732,2493,21292,124105,15228,12915,27314,29484,51,48
7703,2176,14188,52024,11221,50145,28430,148546,47,53
2420,656,11324,54862,4410,6294,3095,42895,40,50
2680,315,8433,64963,1520,5949,16306,28450,26,51
2567,1463,4666,8623,4838,4943,5405,11067,35,48
9534,3925,4965,166349,3727,9259,23489,43945,34,41
10957,7888,10367,5574,9005,21360,6728,30030,64,93
10790,1997,16095,9323,5826,9379,13394,44710,56,87
6501,3239,9019,5574,9275,10536,10205,12684,56,83
10333,4206,7661,7870,19292,12508,6888,12972,64,74
6782,6734,24223,8881,9663,4397,4986,46549,64,67
9996,4176,41193,102699,8538,50151,11402,135454,57,74
5386,5264,16546,1749005,10715,53861,19701,788180,29,50
192,119,383,40926,194,330,605,4521,4,35
49502,6788,36886,2048895,59583,339661,110191,349193,1,40
5386,1883,23813,1653969,13687,5527,8393,35203,17,38
4311,4453,80360,880650,27073,85816,16893,141288,35,66
1264,330,5332,305885,855,2498,3321,28946,30,74
107166,25291,260815,837535,272559,177397,312113,1537650,37,57
15177,3555,27759,277886,27767,30085,34946,54722,37,56
3608,6574,12318,139071,12915,15294,26642,93818,38,38
8755,3215,22843,486700,23112,17199,27209,37178,61,47
4101,4758,50866,237658,15811,78539,22347,89311,56,64
26665,4654,51771,860817,16597,36206,33569,84025,48,67
732,1093,2865,19013,7152,167,2109,6052,66,67
5016,445,10847,420241,3910,5829,6434,15141,57,74
1990,1235,3282,92073,8638,8227,2255,13063,74,64
6286,2474,10725,29049,16277,19149,13191,45404,80,60
1283,1289,4842,56136,3133,796,1792,17550,64,63
1533,1834,2225,93204,4434,4378,1827,8114,70,56
5676,3708,5204,42730,14140,23279,16728,13386,69,60
8757,4549,10767,5934,25891,1884,10504,13307,83,54
2360,694,16225,54603,7503,11189,8962,32620,67,56
2844,673,5065,191807,6896,2955,16480,30654,63,38
4674,1683,18275,345370,7757,8497,11649,119205,37,35
10926,236,49371,401786,7935,17917,18194,38262,37,35
2751,502,3746,183470,4801,3873,4262,16988,48,40
11927,5289,40702,467473,11649,1515,32889,190415,40,24
3211,649,12083,130917,8580,9867,6076,27247,40,40
13679,4346,26033,59169,9765,19504,16149,51273,44,53
1700,2704,8113,144496,5681,5501,4810,17942,44,57
3276,2442,2852,88994,3748,1329,2345,27389,53,54
12440,4195,19435,133685,9476,75133,6747,57743,43,64
9374,2757,43673,418666,23396,42619,32665,57213,47,67
2855,2039,3331,739736,9096,3157,9463,67618,43,44
6724,2420,11191,205101,11409,12577,5440,98685,41,51
11564,4021,5425,2483941,14340,27228,35042,17541,54,40
7257,9978,21743,135105,10572,5077,16424,30146,56,35
8340,2636,2105,33782,9517,4805,9105,13301,69,47
15439,7152,24905,669305,63331,46494,53427,414126,74,41
413,272,461,218065,1216,1387,2731,2812,70,35
16159,1583,12000,24201,9645,4399,14551,30236,70,29
2555,866,755,37211,3835,2468,3311,9979,75,54
5884,1184,1646,12448,9491,3246,3868,14358,81,50
9616,4965,17339,752084,21252,6331,7501,61261,81,48
1552,545,9467,148247,4006,3075,3344,6920,80,44
6223,4820,4763,97228,13714,21753,9343,55871,74,51
6233,1654,7017,2236251,8926,5464,9279,99887,57,47
15109,4244,27367,1628524,61885,50932,22846,211333,56,44
9806,4996,14206,1624973,21359,61583,14293,131452,51,37
1884,2672,31875,703385,7561,14555,18042,55483,43,43
1045,978,1990,15679,3066,5316,3298,29459,43,51
31674,14830,39620,1799150,42449,57885,162413,513556,24,34
3380,1023,12460,611173,6110,18500,5263,18442,29,40
1226,732,2660,92831,2130,4682,9688,14959,30,43
3406,698,6055,79727,5849,10038,13658,44069,38,48
1954,2749,28571,1508256,19323,22428,12368,119631,43,57
21640,18522,43134,189508,69197,111879,41180,524058,43,40
8022,5592,6172,289739,15013,19377,42671,41582,48,40
11236,1537,33458,686193,74700,61006,11579,208767,57,41
9406,4152,4386,134295,23351,14174,29694,19309,74,40
2409,1152,10099,406688,3035,3240,21337,51632,64,35
1086,1392,13323,2064005,3930,9271,10793,111250,47,30
11188,9316,9596,76473,8946,46225,10362,94782,30,37
1483,847,859,93237,2880,4144,1793,38833,11,26
11510,5189,42790,17872,16895,2790,4896,43474,26,43
657,1223,4450,90322,3051,4341,4614,21900,38,50
15327,6020,4050,17194,13514,4792,13246,16382,57,40
8164,709,54367,1095230,10997,49238,20172,186639,53,56
33086,4647,61670,2262530,74381,28849,13802,179359,56,47
128441,10840,113102,1683115,209381,131090,151570,1117544,60,40
1020,447,7067,142418,2418,6069,1023,23191,40,50
8433,2331,14682,89329,11057,22906,7167,78729,48,48
7928,1643,7458,67665,7966,10467,16492,63316,40,43
865,581,1684,22784,3004,7914,2678,3904,43,64
5405,3796,10238,71771,12923,6466,8338,32514,54,60
4015,2081,12832,3411,10785,17385,6830,19496,63,67
3497,539,4967,41454,4621,4579,522,29347,51,84
4967,6445,8236,51903,11239,9457,12320,32859,51,75
14252,6004,21430,2917270,33187,48339,16135,118019,61,51
9203,3870,38061,109209,29603,7663,19136,178473,63,48
13743,4427,18250,1373502,14887,41825,26902,105232,54,50
12873,3724,4578,369944,42550,21389,12060,71080,61,43
970,652,618,29407,2038,2884,484,2222,67,50
5213,1985,17892,72997,8379,7949,2604,18864,70,66
1064,867,730,102908,4173,8214,5356,21173,77,61
5558,1212,9257,124760,19123,14508,14668,15454,77,74
7199,2133,3342,17375,7441,18524,9365,66690,64,60
2367,1381,15661,118966,4840,4181,10978,19302,60,54
2849,518,8554,121045,10903,13329,12294,117754,53,47
6301,2779,2027,62886,7543,10180,6614,33108,43,40
10045,21141,64419,788537,51572,118039,18610,963202,0,0
16740,10470,44016,1617738,60830,404607,86178,1348342,0,0
4122,6349,44635,2165784,36004,33892,23179,216474,0,0
350,251,792,314931,623,2633,1090,27118,30,30
3522,7455,24452,746908,8272,39225,13309,166214,29,50
266,1679,3128,49974,1632,14351,1565,16321,26,83
1976,6936,22054,285430,5583,12545,9076,124648,34,93
1092,5458,6546,533329,9819,5223,3427,48240,51,69
1036,3895,7051,4242,2078,6592,3885,9352,66,84
1955,3027,2455,10328,3599,7862,1533,5221,87,84
1474,4290,7336,7640,5344,6770,2313,12011,100,100
3373,5747,23860,234051,5936,17120,19091,16018,100,100
1879,3185,5359,3630,4073,6419,4109,10378,100,100
991,1434,26813,7487,3844,10192,4286,18601,97,100
3049,4372,2827,4295,3887,2054,2787,13651,97,100
1716,4096,7021,3524,3289,10583,2325,5605,100,100
445,1070,5099,42308,2120,24603,2034,31821,80,97
996,3627,6416,31718,2013,2108,7184,18244,80,77
1999,1353,6557,8637,2050,14805,2358,8170,67,100
1419,2259,3830,9765,3183,10362,8104,6104,87,93
2316,2814,8104,1988,3410,5118,2624,10055,94,100
1099,1650,9549,3112,2460,37160,3293,5004,90,100
2598,6662,10872,7015,2840,15260,3483,11218,81,100
2576,1183,11429,20121,3146,4898,7135,4513,81,96
1933,3418,11222,9165,2298,27388,1299,23160,63,96
451,668,838,39621,5099,3521,1906,11615,84,66
883,1384,3095,3363,1859,53231,7149,5030,74,78
1805,1701,2395,10245,3020,13136,4339,10140,70,77
3538,4041,5841,7148,4339,11682,3059,3674,93,78
1241,3750,13266,5056,2048,4779,2980,7847,78,96
1906,3043,5610,148748,10552,6736,22983,40616,100,63
977,1859,2599,18683,1534,5001,2809,8982,97,57
2511,3662,6844,4440,3492,12833,5214,13616,88,51
422,368,3976,44747,1361,12155,987,17237,78,47
681,1260,2427,6897,1624,1818,761,7825,74,56
1671,900,5894,27376,6000,3713,4087,21623,81,50
2769,3805,6014,187004,4173,23696,4365,39826,77,47
2530,2339,10417,2323,5254,16326,4440,12239,93,51
2071,7212,6210,7106,2257,15621,2817,6951,84,64
678,247,2648,45849,2218,3329,1468,22980,75,61
469,1343,2974,2901,677,613,881,1165,84,69
950,1468,1964,53415,1833,4271,1407,30588,74,50
279,606,3467,2725,804,3619,1317,6300,69,40
637,5495,9987,28486,3395,6057,3199,18755,74,51
92,316,1667,60862,191,376,1588,5651,51,35
4410,4690,23124,114072,13985,19252,6852,33091,64,50
2960,2546,7846,1819744,8594,32566,12303,239784,57,34
358,430,3081,613830,1699,10171,4949,53650,41,21
5129,1441,20594,1121162,5203,84572,9245,66522,44,38
5556,6493,4346,2899964,9114,16890,16605,165968,29,17
1736,4440,4386,107589,6462,4706,9766,18963,54,23
2972,3226,38378,903450,15808,23273,24289,189484,64,24
1183,3806,38038,650458,23178,37337,14311,92855,83,17
5470,3633,48756,1862539,8208,57483,7069,340984,74,27
2030,1029,7338,2543003,11855,36622,17974,78143,63,30
1649,4493,6227,1694507,6674,8306,9713,264986,51,17
5883,6330,35567,827427,61810,48856,31298,645724,47,4
2897,3957,6428,915677,5829,18038,5874,223270,47,1
1394,671,9316,623104,3331,10620,4632,55709,37,1
2318,2614,7014,714369,3016,15094,7132,106467,37,8
5638,2059,43143,1141553,29368,62796,23680,72202,44,26
2119,2731,4109,319195,6000,11110,9931,342488,41,20
1736,4046,3795,22097,2055,5956,3516,15808,53,57
4862,3595,31264,91228,6210,41005,41248,140585,56,56
2164,3120,13812,171714,8844,32678,11757,59630,51,53
940,1271,4987,6262,3393,15368,2435,30377,50,53
3129,4933,28419,6117,1744,4863,1650,45858,35,57
712,578,2726,32329,816,3372,2238,17869,35,54
1354,930,7129,13203,1328,1185,1715,4801,38,60
993,3405,9768,10011,4462,8464,1328,12630,44,66
607,541,4741,59581,1221,7840,1194,28234,48,61
1247,1266,10449,4809,3559,4095,2526,10919,63,70
3678,2610,5745,12033,3030,6799,6829,7456,66,67
309,198,1624,158745,390,442,1663,12921,50,50
647,1953,3075,11214,4229,3215,6204,6770,75,48
817,415,3203,88763,1362,4137,3580,27956,61,35
3160,2539,8458,75285,4090,10360,7710,142593,43,20
1558,1424,8267,34167,3679,7889,5141,20283,57,30
4464,3175,9083,13471,6263,12357,7878,8644,51,40
1047,1125,22356,251913,9908,48969,6842,149746,54,47
2017,393,5840,20191,5048,3371,2670,25519,70,53
471,227,5001,67616,695,9032,1989,39512,48,48
3307,2036,8382,19810,2915,2467,5759,11566,43,43
524,433,5332,46216,1526,725,1439,15870,48,40
701,476,831,2464,1035,409,691,1688,60,43
2530,938,6201,877,3183,4979,3190,8870,93,43
3259,735,10418,13379,2286,2331,3633,12667,96,51
1913,3484,4596,7508,1589,12572,4688,12782,75,60
485,213,814,65177,597,1317,820,27199,48,50
874,307,1959,107454,1052,4219,2525,17728,35,41
761,1784,1222,3963,1975,2237,1657,11555,40,30
678,1446,1646,34946,1806,4065,2612,42184,38,13
2043,1157,8785,50330,6077,20293,4129,19957,56,37
897,647,3212,783542,1911,2745,2303,17539,61,37
10571,4563,11457,861673,22132,46397,29521,89622,61,41
1334,1802,1460,504772,6466,6485,2257,17671,81,50
8437,3217,12088,1830747,2954,5586,19595,117396,61,30
1603,1604,6913,3740,2883,2799,6252,2867,74,41
1735,2353,3987,7592,8744,21090,3086,5912,80,53
1121,2566,3500,3874,3674,5945,7741,4468,80,57
933,2187,3611,4105,3613,7474,718,2401,100,81
644,982,4268,12759,4254,34726,6662,5563,100,90
616,2663,12970,5145,3276,2048,3192,2915,94,90
950,2136,10610,1349,1361,9004,1073,5865,78,100
4358,1417,2095,3884,1573,4344,5698,6194,69,91
3377,1419,7449,79683,4033,14636,8051,21502,69,80
1991,1206,1602,5453,1870,853,967,7262,69,63
661,689,2485,48433,968,6120,2382,51380,57,38
574,538,1460,24934,3000,8971,1230,18157,56,40
2631,1428,15977,123165,5105,14517,6456,73265,50,35
2523,3396,44774,4916,2330,21535,6484,17352,29,56
1300,1173,6465,7772,2887,3120,5767,14171,50,66
2143,1606,9882,5399,2411,27548,4826,4450,43,84
409,343,2730,58276,1185,15831,1624,32314,37,88
794,433,2268,40967,933,3018,2853,13612,41,66
1633,927,7614,3093,7983,1718,4427,9358,54,67
2121,823,2570,67217,2485,8273,15323,22936,56,44
480,1547,4655,5448,3856,2632,5466,813,100,60
299,380,1856,181335,757,1820,1581,11678,97,60
2097,1506,15434,27153,9152,15090,9978,57131,81,53
1855,907,7370,87617,2942,5725,6275,36070,69,43
1477,2275,19239,6158,2884,4219,2144,12075,53,50
2125,1030,17914,3387,2720,1979,5999,3311,61,66
640,1980,7389,3837,2436,6204,2344,11821,61,74
914,1273,2919,3037,2652,4620,5479,2960,77,81
1161,1377,6214,806,2837,1194,2411,6952,84,75
456,380,2883,18881,960,11329,3462,26669,69,66
1807,1833,2780,2449,4783,5776,6408,3721,84,53
1143,776,5381,6658,2911,4278,1740,5686,88,60
2846,1382,4717,5029,2099,3348,4440,10152,88,57
2445,1452,3504,3054,2473,6743,4929,8944,94,63
412,468,5190,11619,507,5695,2366,17383,61,63
991,1024,16848,338525,1505,1708,10267,76299,37,50
1144,573,2724,3390,2872,13855,3446,6265,37,60
1565,1047,2605,6092,2851,4405,4482,17005,37,53
1093,759,3886,1059,2523,12591,3980,4689,54,63
230,429,1881,64155,780,1510,937,9201,69,66
2215,1605,8304,23827,2545,23436,10805,50672,54,56
1886,694,12373,315640,2619,20354,9081,79086,37,57
2538,1763,3476,1770,4628,5113,4250,13268,44,47
1450,1140,16382,3168,4813,7617,5039,1081,56,63
623,1076,6355,7851,2652,7348,6297,7970,70,67
1985,1368,5372,2624,2555,2295,2559,3140,94,77
1664,1334,4424,19940,3915,4926,2655,5255,96,81
804,522,6956,2896,2568,3154,2844,13061,91,67
1449,553,7325,7927,1321,7606,3796,3614,84,75
446,413,1761,80710,977,5279,3589,41493,60,60
1044,1005,5389,4701,1708,3501,3310,4743,51,60
752,391,3233,124048,913,2081,2775,9259,47,57
2521,1588,2875,88948,3870,4656,21044,39583,48,35
2519,2832,18114,214049,7081,16903,8623,36320,63,48
2520,1888,36226,1049197,12431,56327,7900,215772,51,41
1286,3035,23510,36265,3883,43526,14497,97400,41,43
5697,1427,9776,38036,8832,4207,4221,12566,56,57
212,972,4293,21764,1411,4441,3007,16111,51,53
2354,2244,2358,1019,2853,9787,6123,6354,64,60
423,472,4201,47302,761,391,3723,12210,69,51
1715,1260,1486,7459,2700,12924,5081,7556,60,57
705,1297,6016,6321,2458,8280,2341,4701,67,67
1437,1551,16808,34840,5145,13511,4139,21703,64,69
2141,2013,5605,3852,3449,11798,3376,15079,75,81
651,1086,5227,4462,2599,17441,2940,7695,69,87
1647,810,8383,9064,3796,7469,5667,8467,74,83
2092,2759,8007,21601,11387,14759,14949,33476,80,75
2168,614,10198,13545,4246,35269,10356,14994,77,80
500,500,7903,118358,860,13632,1619,40445,56,67
1315,1331,15284,11927,1426,12661,3235,4876,41,78
1502,1452,9275,1567,1995,27121,5891,5699,26,96
2234,416,2902,4728,2358,25611,1376,7499,26,100
963,1323,23590,413,2479,11956,9740,1621,43,100
2270,1895,15670,9956,1482,2153,6557,6352,47,100
1216,2376,2658,1442,2645,31493,6346,21390,61,87
3567,1681,4719,962,1802,10149,3739,4437,64,88
2044,1454,2838,2946,5875,5697,1839,12038,66,81
1344,1390,2849,2500,3027,9737,3127,5791,75,80
1348,1454,5920,8804,3861,26696,5890,10888,81,81
766,2534,7176,12530,4119,6327,4357,4994,91,78
1214,1511,2909,5607,2953,22398,3821,8378,78,90
2261,1671,2071,6103,3105,23122,3354,8067,74,93
1295,2806,42813,57883,4188,88617,1747,104723,54,93
756,762,2314,1510,3164,11404,3307,4987,47,80
1904,1600,6951,10729,6761,8955,8048,6692,60,70
1038,3073,3534,6560,2281,9727,4719,19109,74,61
4404,1329,4802,6618,2327,14891,2790,2487,66,64
1131,2164,14045,2669,1675,56003,3018,16031,38,78
2200,1936,17476,6237,2955,5503,3949,5300,41,91
2299,1902,2077,1667,1138,12042,6822,5596,48,100
2147,4103,3263,4796,2857,4241,4120,9367,51,88
1830,1233,11176,5133,2847,29413,3717,7533,63,87
1344,1136,19512,3244,1908,27718,1392,10795,50,91
761,1079,11407,2391,2628,7861,3556,6059,56,96
1127,715,1591,983,2406,7929,2981,10949,54,97
2369,937,3718,4511,3360,4366,6459,11470,64,80
18451,6648,11083,277202,7220,9897,10167,119418,69,51
2557,1997,1025,50039,4559,2580,1676,7357,84,35
7192,2869,21133,149151,5940,32125,22712,167268,67,27
2972,1555,5809,2911,3688,4728,5654,5841,70,34
596,1045,8801,6539,6603,22469,5012,8273,83,54
1900,2014,2228,2101,1666,838,2714,5453,75,56
1330,1640,3710,3310,5263,3524,7281,1916,100,61
1577,1262,4213,2039,4666,7909,2678,8932,100,61
730,1523,5016,2066,2068,597,5880,2208,100,50
1341,1479,6166,1913,3155,7456,2551,18345,100,56
1321,1775,2288,5295,4557,6703,4110,6337,93,57
697,1501,3655,5319,3225,865,1971,13954,90,48
3208,927,5323,1307,2010,13923,3948,4593,78,60
1441,1120,6350,3587,3436,10302,3223,11816,80,63
2304,1665,891,3699,1361,6136,7256,17755,63,56
1647,1026,1625,3250,3276,2354,1400,2718,74,64
1911,2020,2538,4242,2934,9654,3729,4158,80,60
2003,1322,14405,821,4263,6648,5909,14385,80,60
1241,356,907,87346,1081,2697,1764,14112,81,56
2263,919,4706,3721,5668,8420,1026,13277,75,57
1188,1454,5449,3777,3038,10654,2047,7292,70,60
1728,1145,6954,2646,2576,3177,1490,17416,69,54
2443,869,4585,7618,3329,3440,3907,9856,81,61
1657,1075,3686,2838,2828,2723,2444,11695,77,56
1586,2601,5857,4865,2042,3086,1567,4192,80,54
1715,1159,1833,3450,4081,6054,2624,10618,93,64
895,1675,14231,2902,2317,3760,2595,15208,78,74
2247,1325,11776,103805,5310,11855,9745,29003,66,63
1720,796,12387,1376,2253,2799,4436,5389,57,74
1234,1456,4966,3021,4377,22114,2210,15720,57,78
1299,987,3873,10245,2139,9408,2229,16608,60,74
799,822,5150,332753,1413,9973,4439,39009,44,69
835,3208,4641,7735,2015,6788,3737,6487,47,66
1089,2438,5419,3246,1744,3624,6118,8220,44,57
1253,1899,8982,179020,3988,2611,10062,17865,51,51
1119,765,10700,8748,2289,4611,2596,13506,61,60
980,1403,7353,6151,1865,6004,4729,5275,60,60
774,797,7742,2942,5633,15431,4848,6185,66,67
768,219,4344,111069,808,1910,866,14561,53,69
358,608,1378,1983,635,881,732,1856,60,67
1159,2216,10604,2811,2656,6384,2143,9396,60,67
1050,1847,6505,5104,1967,11137,4516,19615,48,63
1774,1772,4732,3747,3681,8874,5753,3249,53,53
1177,588,756,28699,2485,4437,1071,14057,61,44
391,757,676,28215,1680,5879,1398,36969,63,40
2624,801,3831,191237,4976,10526,5225,52292,56,30
676,634,10714,2256,1495,13901,862,11661,40,37
1207,1562,5589,30130,7803,13998,12901,47584,40,37
204,538,2574,544,627,2042,1279,3924,44,53
1367,2772,25357,14413,4932,19288,7373,22895,44,69
281,560,1615,36915,1882,1605,2154,8275,57,50
1831,1753,12895,5426,2096,8219,2356,6202,54,69
771,250,2846,11061,1306,2411,2291,14190,54,57
1484,1455,12401,20098,2065,11529,2728,10723,54,61
2434,1680,4237,6690,2694,3939,3711,5624,56,70
2194,1036,34149,57325,4668,16088,14043,91228,47,56
880,579,2905,1495,1219,1558,483,6897,51,61
866,451,1278,67056,570,6164,2291,19588,40,48
1278,602,2130,49279,2641,6575,4370,17268,17,67
593,1159,7937,950124,2269,32472,5739,50057,20,75
2370,2023,20210,606341,11682,71909,5156,121566,23,66
1249,1335,8523,125600,3291,5094,15432,52845,30,41
1123,650,9346,31421,2786,22219,2555,70146,17,43
2024,561,6214,583031,4832,7168,3996,30000,17,43
2512,668,6142,585475,5623,1748,23507,24425,37,27
3267,1429,43348,610329,13776,67668,20253,103826,38,29
2165,725,6919,1515081,17693,3141,12015,210526,44,17
1322,811,3000,897359,2961,13557,9683,81763,47,13
773,476,3348,790304,2343,20731,6654,37230,30,26
2101,1136,7264,1115316,2227,9233,12588,42677,26,20
263,383,1185,119663,1306,6479,2802,17681,23,38
3546,3883,34521,454747,10297,133967,33221,112430,34,61
457,105,929,38341,726,1326,2572,32085,20,40
383,177,1857,302316,538,9396,2579,14543,13,41
565,427,5215,98212,1916,7927,4527,41751,8,40
1412,1643,9282,3359,1220,707,2306,4523,16,40
909,1835,3784,4074,3348,8320,3596,25391,30,54
2369,2736,6440,13730,2889,11668,2950,7148,48,63
1244,3076,8025,1032933,3348,17748,2860,138453,43,60
580,482,5275,187196,2432,2816,4935,47291,37,40
525,1390,2009,138343,1096,2595,2827,11156,34,38
2277,2651,6116,1287849,6548,40387,10002,101493,23,27
14556,2278,26055,1925905,12784,84316,25287,472408,23,29
1188,270,783,61381,861,3700,317,36326,16,26
3877,6169,3352,9092,2949,16145,1300,15713,17,38
3739,5403,14896,199939,9852,47104,21607,462331,10,27
1324,6965,1964,18222,3096,5004,1233,7163,35,37
33296,42350,63956,1359589,12952,168893,29789,313228,0,0
18091,2832,21048,1466489,17535,50826,17300,93147,0,0
3058,2093,5506,694130,5479,20319,9635,70968,0,0
15785,4123,73504,2091735,35636,30370,33961,202561,53,35
12030,3966,14614,1766328,11930,125348,18059,272632,48,38
2111,1047,29279,231404,10954,36887,2750,108151,54,47
1688,1352,11836,1103000,5580,13089,8197,235796,44,27
2837,1734,6837,208537,3062,7186,1649,28251,38,38
44468,13101,10622,1398666,29875,68020,34198,224700,54,35
4527,2134,23786,371670,7707,12924,5023,136824,51,21
7300,2430,7345,950011,6640,20809,5154,49267,69,48
10137,9587,68120,355266,18759,33962,24353,137038,70,56
4919,852,15757,36056,6001,4540,6104,95785,63,48
9917,2826,20595,2183539,40748,39438,72195,115326,83,51
4152,2364,11052,493212,5249,13769,13798,49600,81,47
3275,1187,14355,112312,6606,17226,12751,12049,90,56
5386,4293,42018,1140842,15356,28979,5577,206490,90,66
6550,3643,27516,77779,13981,28092,12476,34932,84,87
2531,895,15899,81368,1922,7201,2895,18494,80,100
17570,3069,22742,8013,7153,20459,5919,21718,75,100
9898,5027,26335,57385,10283,60671,8810,9391,87,100
4859,1824,86747,81712,15584,11477,6989,21989,84,100
22041,2214,17390,299915,14246,41740,12881,100902,93,100
2605,1150,29106,207153,2692,7866,5327,39232,77,90
10066,2188,25146,65636,16465,137168,24619,9880,77,90
5771,3243,144681,26553,10272,76601,7784,13948,61,93
1523,1038,9927,107875,2131,17618,6754,17079,54,100
6170,2577,38693,281095,13290,111519,2931,55059,63,100
1709,1378,14427,148803,3352,12711,2130,39300,51,81
6885,6284,65492,6872,16341,53097,9669,4190,66,77
12189,4421,80433,57483,13789,24452,7935,40871,75,80
4320,2548,92784,15306,13748,106162,3260,10936,77,91
11395,7305,88284,11993,16545,33575,12937,12902,90,100
10510,1840,82994,67274,9979,76701,6535,17564,78,100
3293,790,10361,133180,2847,36600,1683,6064,69,100
1505,1172,11526,41550,2740,17500,4667,19362,67,94
1598,1284,24248,17903,2051,22560,1803,1863,54,100
1481,560,9725,92889,7017,10588,1580,23895,67,84
13672,6266,88343,228293,11077,24114,15072,52023,67,75
11576,4724,55660,40729,13803,50877,14347,14221,77,83
8526,2327,72295,33514,19009,48547,9186,10196,90,75
2839,2664,77463,25126,7225,35259,5003,8049,78,96
1836,1085,7417,28418,3635,26104,1437,11679,81,100
11158,5775,34291,239286,21918,64686,8393,73828,81,90
10839,2745,60927,25001,10430,18767,6930,6341,80,91
4341,1378,11704,397023,11829,9233,4626,97511,87,57
6362,2552,26459,34748,8917,100709,8992,36293,81,60
17256,10357,38697,92108,9605,139567,6763,71980,64,66
6379,2328,208730,109604,11921,13132,2735,12202,51,75
1951,801,5448,99218,6530,30238,1203,17824,54,93
2141,658,12952,49554,3091,13782,4932,1519,64,94
8005,3322,58480,22021,17194,86944,13505,40262,78,94
7582,2167,50916,626287,12348,5480,15990,3145,97,81
971,1139,2591,193625,5424,10247,5297,35243,100,54
6209,2792,17571,492321,9645,80304,6288,56431,87,53
3409,860,4014,23072,5509,2660,4327,4624,97,43
707,236,9483,452794,5542,6228,6014,19399,91,30
563,1088,59310,69173,1357,21452,1520,18963,60,56
1388,2842,25726,122760,1963,23150,5059,10221,48,63
11064,1239,128735,22167,18880,3139,4825,57979,30,77
4188,768,17925,67464,4152,19149,2216,20126,24,88
1591,1544,4118,217701,3150,16989,2884,17696,44,75
6241,3854,175586,628819,8682,85545,9096,28280,44,81
12775,1677,85751,28954,6515,7470,4202,8715,38,91
5301,907,219175,24759,11541,37339,10266,33206,30,100
12581,1787,23659,42385,13942,24207,10412,37121,38,100
2327,595,12077,4520,1753,1782,3467,6301,50,84
4158,1672,127335,17811,7014,107162,6434,24291,40,87
2920,4211,64327,1208772,17548,180579,14432,191753,40,74
12838,2666,117354,397142,20339,8761,27310,92601,34,75
1944,3156,39042,170651,1543,8042,9822,53817,13,69
2118,625,36016,115109,2640,19811,1630,11523,17,64
1735,1987,4611,425262,2581,3842,5568,12498,29,54
2791,1598,12505,59236,2886,16221,965,23583,24,56
9982,2548,51373,152793,17896,21116,14013,22377,54,63
9560,1265,68872,119789,8188,91500,11269,77909,53,56
4499,3643,134862,84546,5955,19583,10516,141919,30,64
8322,5729,22101,32896,10513,40175,10150,22795,40,67
7596,2547,101764,14966,14139,50794,5943,35966,29,75
2206,952,25948,154447,2657,15040,2155,71692,26,64
2424,2133,114217,21257,7905,3592,8555,21366,38,75
5779,2738,113163,20693,12913,37666,10157,12987,34,84
7094,3333,323212,409685,13907,32207,9082,27768,37,100
2481,907,49528,51226,4941,7260,3905,13606,40,100
9540,1982,112674,449651,9580,57479,10311,49009,35,100
7073,3375,13722,141245,11879,61120,37423,80577,34,87
2327,692,19567,41214,2997,7064,3760,18564,40,69
7250,8112,99113,480177,11817,19314,12141,135362,35,57
11679,3375,80346,27485,8185,66637,7332,17551,37,63
1189,2234,14066,99327,2542,5479,5266,7715,38,69
3633,1062,4069,44036,2064,17721,5522,14592,38,67
963,416,12865,125185,1537,15348,1243,5780,38,81
11530,2601,141071,75074,12614,24771,7146,95472,37,70
7834,1518,101336,16168,26463,31137,6926,20602,44,80
7135,2841,81479,5328,10917,19867,6300,21037,48,88
13441,2155,105824,13917,12083,2956,12401,39950,54,83
7518,1971,46825,10734,10862,64549,16516,21207,60,88
1531,607,24817,76064,2301,16085,911,8064,47,90
4941,884,58760,19967,25969,30966,6210,10594,57,88
2838,364,15344,136625,3499,8936,7028,8744,61,84
5961,2607,59584,231075,19906,5221,9800,64806,69,74
7897,710,227508,24726,13168,38030,5040,51227,67,75
9014,3561,303449,36066,19538,16710,9870,50558,48,81
5326,2955,90845,27707,7102,32008,5090,40313,40,88
6357,1531,95535,60584,20659,49742,7057,24655,38,100
2489,4666,45168,13813,14267,20124,9801,15560,54,93
5707,1863,265288,1017936,24915,27568,24271,62960,60,88
2411,331,9794,63351,5318,5920,2266,45799,66,67
2623,792,42297,129248,2526,6747,4823,42531,48,57
4344,2646,213867,28644,13778,46563,6066,84460,29,61
4311,3313,119144,22725,13951,64989,4818,63948,26,60
840,957,54027,55360,2845,11272,3649,15923,16,83
3111,1648,122217,1320201,11741,179335,6405,97560,17,93
465,90,6261,87689,1005,574,2013,5588,26,81
1786,297,68607,24063,2610,27605,1102,12613,16,90
5250,2055,85984,5629,9758,49250,8084,8767,23,96
5663,1369,149044,9435,10398,57286,5559,28678,27,100
2763,2627,24402,35404,6174,201333,4566,14208,14,100
5518,3637,153794,40918,3881,3411,8182,11064,14,100
1348,582,22398,148636,2548,16994,1800,7427,13,100
4636,3641,103199,125457,8650,27042,4863,48525,14,100
7003,3752,46159,78076,11457,185972,7288,18987,21,100
8014,2763,26690,6283,9385,10618,4405,20555,43,87
4329,805,123429,61194,3864,45529,9206,28395,30,88
6514,3282,109668,517055,11303,30624,7401,12414,37,94
2882,5813,57217,45797,5617,49151,5800,29418,35,88
5863,2607,67803,19558,13867,30765,12917,14835,30,94
4240,2038,66720,7444,13798,23337,3521,28326,51,88
1730,626,8437,180077,2566,2617,1421,16518,54,67
8146,1340,149151,23332,9523,38229,4190,12817,57,78
7742,1300,86957,61409,10638,83662,24027,13519,48,81
5483,2273,75564,6093,6335,87370,6892,5565,35,94
4586,2404,51420,18727,12177,5231,4621,15300,41,100
1414,1795,58756,4169,9819,111668,4861,14050,43,100
3151,2753,23321,43558,5139,21684,7162,41701,43,90
9241,2907,111784,10004,13879,69087,9420,12092,51,84
2178,3553,115036,5443,14571,35288,7450,11875,47,94
1950,2605,233156,25921,12099,68648,15252,10760,41,97
3661,1397,166757,9274,9512,35334,8375,22647,38,100
1654,1776,132097,3661,9786,59520,16753,11719,30,100
4842,2623,112177,29247,5887,27515,2061,24115,21,100
225,220,3131,164675,495,9619,635,1418,21,100
2871,2472,255510,21676,6156,63738,4088,21981,10,100
3614,2396,41638,125426,7987,258170,16990,130361,1,100
3015,3206,179742,14022,13819,61195,4746,16815,3,100
3623,1844,140490,19942,12441,27405,8548,50834,8,100
4551,2362,246154,10870,14634,96498,8950,59261,16,96
3933,3394,120388,16527,10054,45273,27547,16223,29,100
5733,2437,73106,568538,6378,52956,9593,67805,23,87
980,375,45695,265055,3382,11468,1262,54835,16,78
1269,246,27562,101785,4000,13535,3466,42294,20,63
10963,2840,92553,1455134,4626,25833,8675,44046,13,60
4441,2978,153644,7317,19081,55122,6251,52908,23,64
1000,592,7074,113033,1492,10588,1237,8094,29,69
3148,2703,24404,38969,14485,195330,11241,95776,29,78
4506,3005,131902,18868,18405,36530,1453,13774,38,81
949,638,3748,147799,1363,35216,1379,18482,26,81
985,256,2651,76609,4831,29569,3780,14705,37,78
4365,1563,148518,273598,12055,77466,10087,9511,37,91
6673,2897,93896,265507,8411,91227,8402,15325,26,91
6706,1450,151608,22173,8547,20909,9092,39772,35,94
3815,2202,75635,41771,17932,20522,7580,20139,40,97
5364,4528,31768,45450,12818,26403,3647,4024,56,90
7858,3472,21782,166474,12490,47870,13265,18004,70,80
10888,1920,273623,36451,18806,57832,5735,23281,74,88
4442,2705,226027,113961,8593,52405,5364,157205,50,88
5886,2467,195414,3066,14728,46458,13218,17984,35,93
7199,3257,75905,17367,6359,17684,7381,17004,23,100
4955,2181,268057,509776,9424,16906,7257,51030,14,93
3227,1864,141971,25011,11137,51496,5130,20285,24,100
5510,1878,234935,13939,21131,63952,17113,23993,27,100
463,147,2088,138703,636,4732,582,1896,29,100
5574,3308,177389,64713,8531,62285,23756,21307,30,100
566,617,61763,100432,17318,10197,4911,8232,50,91
5929,1287,330828,5540,12427,98390,31140,18232,40,94
2024,751,40735,153056,3942,17982,3933,32350,35,91
3947,2865,315508,14155,7091,73520,9292,38546,26,94
6444,2508,326978,9885,16301,23807,13680,26427,7,100
7745,2213,206758,18227,22517,42601,15544,32949,17,97
4676,1704,86546,20594,14628,118837,10917,24636,21,100
5341,1614,128761,31147,7763,70245,18821,32950,30,100
9256,2988,9166,20847,11219,48223,6675,30796,43,87
3199,2746,4631,6435,6102,16388,9490,7625,56,74
1785,1824,52108,27976,23285,63588,19343,28582,90,50
8834,4271,90361,1493,9290,46913,9216,37810,80,56
8133,3271,40467,66867,8832,89745,9042,20757,51,63
8663,2073,15848,10741,7644,8544,9143,48986,56,50
1061,774,16785,92603,3206,6649,1861,6561,56,47
5159,3258,29267,25491,16000,122490,9239,26647,56,60
5135,10920,42468,41721,12811,101462,7928,4299,61,64
5065,2174,45918,4364,9777,209193,9663,9424,48,97
3494,2317,112275,45269,12067,129105,6236,13198,37,100
6098,6104,126401,21443,12501,176182,4539,56332,26,100
1334,461,22829,1793,2520,4562,1779,4710,24,100
11278,3588,13525,7609,6223,91068,7846,8888,30,100
7941,2671,51449,14491,12009,16934,10901,5152,47,91
2111,610,1796,47066,4722,57424,3042,33447,51,80
10916,1414,43707,14180,14871,87384,11818,19986,53,80
4581,1222,69722,7408,19165,1457,7809,9506,70,74
2105,753,13904,44714,9598,27593,1864,15170,74,67
2759,2957,119836,5433,19950,32662,4991,19283,81,77
2630,2263,365737,19829,7898,60850,6719,37827,61,88
3901,1374,378912,661570,8539,28930,6435,126662,27,91
5605,3228,326648,8140,8994,70286,3372,5542,3,100
8953,6294,48659,21073,7277,20071,15172,15635,1,97
5177,1367,79504,96110,19514,44376,3007,10405,24,83
1749,436,13541,41591,2110,7743,4148,11406,43,70
8961,2367,51954,31647,7864,15067,16385,49255,56,44
5804,2965,19060,65936,14142,18437,4436,59276,67,24
6857,1276,56577,40706,6783,91207,5603,43690,60,30
